<JMFiles>
 <ProjectInfo Size="10591468" AllowedSize="251658240"/>
 <files>
  <file size="38741" md5="298bfb67b218fec5cb74a15a59f0d531" name="ac500_v3.jmxb"/>
  <file size="38597" md5="a10b1337c7c338d0686aad1b16f63e43" name="alarms.jmxb"/>
  <file size="477" md5="3e0c792ae8e685c83efe17b1970f0682" name="alarms.js"/>
  <file size="4723" md5="5b2b787a8d589ed3dbb5509d8d9f0022" name="background.jmxb"/>
  <file size="23207" md5="33cb21d537759a2d7870aac9d052ddc8" name="email.jmxb"/>
  <file size="19212" md5="b1110a9f68ea36706a0af2bf5fdba4fa" name="filebrowser.jmxb"/>
  <file size="2276" md5="0c493be43b2228a1a80e4cc7957412a6" name="filebrowser.js"/>
  <file size="11827" md5="40f855f275626fb111c5d325d8bbadbe" name="gestures.jmxb"/>
  <file size="2863" md5="b1e2bc376dfb88dba2aa558733199a83" name="gestures.js"/>
  <file size="4948" md5="67e70d04bac181e6e241f5c7ae9c133f" name="help_alarm_banner.jmxb"/>
  <file size="9309" md5="e67f29d4ccc78d59f2dd311a7bf1af91" name="help_alarm_simulation.jmxb"/>
  <file size="9735" md5="0075871c87aadfe70707b43f30e9e1b1" name="help_email.jmxb"/>
  <file size="5315" md5="dbb7531041a03b59f69d1c820644d8b0" name="help_filebrowser.jmxb"/>
  <file size="5529" md5="ec6f5c2428bb34c31a9ac11deaf191e5" name="help_gestures_pinch.jmxb"/>
  <file size="9660" md5="b5377184547e194742806e022544c262" name="help_gestures_security.jmxb"/>
  <file size="6956" md5="6925bfd21a8ee00cf143b3bc97c37f68" name="help_gestures_swipe.jmxb"/>
  <file size="8486" md5="a04f2fe325b90bcd5cbf1ede6b1c1e34" name="help_ipcamera.jmxb"/>
  <file size="7549" md5="d9c75b2adce27f6c3b25c66cc8831c60" name="help_javascript.jmxb"/>
  <file size="9105" md5="2bf25ab659644725a98c40956075169d" name="help_multilanguage.jmxb"/>
  <file size="9123" md5="13348f573e43b7c30e6805c84408016f" name="help_recipes.jmxb"/>
  <file size="7528" md5="282077f827b9a18e2acce3d8f2f370b4" name="help_report.jmxb"/>
  <file size="5684" md5="5e111babad4b74ccaf2ee0fe8afcaee4" name="help_scheduler.jmxb"/>
  <file size="4600" md5="35eb28a5667456f75e2539a91e7efb71" name="help_table.jmxb"/>
  <file size="7406" md5="cd33f481ec4b13f3105e665a2a17d247" name="help_trend_history.jmxb"/>
  <file size="4844" md5="83466d569b7f64ba55df61914e3d0ad3" name="help_trend_real.jmxb"/>
  <file size="8151" md5="a7302648e5addf6f28ee5c553a6066ee" name="help_usermanagement.jmxb"/>
  <file size="620" md5="7caec669fe0b51a09888777489106e6e" name="images/ABB_Logo_Screen_RGB_15px_white_@2x.png"/>
  <file size="152465" md5="3976f4d9e707ba5b8178b012dd8147fd" name="images/ABB_PIC_11.jpg"/>
  <file size="43574" md5="1099f7343475c9d9380317dd9bc4e659" name="images/AC500-S_Small.bmp"/>
  <file size="17394" md5="a46c285379b9d72a54f7e2f07073af14" name="images/AC500-XC_Small.bmp"/>
  <file size="25554" md5="e919d8a41cefa0c844e3791c67e349d9" name="images/AC500-eCo_Small.bmp"/>
  <file size="30314" md5="410666588ac4395947a5269f67e92c56" name="images/AC500_Small.bmp"/>
  <file size="48050" md5="5c0350ee22a6487133c72b3567afca3f" name="images/Alarms_1.jpg"/>
  <file size="5536" md5="5d8a995e5c25a2cc1461bd903dd0c3f6" name="images/Alarms_2.jpg"/>
  <file size="34955" md5="5f68a5ef3a1bc48253e5c7a4e58b54ca" name="images/Alarms_3.jpg"/>
  <file size="70114" md5="0c08e23c0189fafad98587e4887ab709" name="images/Automation Builder Small.bmp"/>
  <file size="13291" md5="e580d80a05706e8fac0414765e93ac8e" name="images/CNN_headline_news.jpg"/>
  <file size="6234" md5="a63d2ca2c353b7d9606d997439f14960" name="images/CP600-Pro_1.jpg"/>
  <file size="32076" md5="e24a13aa5563b5b35514def85e6c5b25" name="images/CP600-Pro_Small.jpg"/>
  <file size="4431" md5="d71126da87b7e5aeb2cf8844f3eeb775" name="images/CP600-eCo_1.jpg"/>
  <file size="69942" md5="9cad6b47c44d565f0dab9f39a1a7181d" name="images/CP600-eCo_All.jpg"/>
  <file size="54651" md5="cc8c0d8b0890e6fc42eae2c413b96d02" name="images/CP600Pro_All_Small.jpg"/>
  <file size="4818" md5="c914ca2b6d466720878bc6b1b81d95e4" name="images/CP600_1.jpg"/>
  <file size="95053" md5="2e888576c17b7ed5fc30f79d3f9342ad" name="images/CP600_All.jpg"/>
  <file size="10115" md5="037336b6313905ffe54dc0940b66df0d" name="images/DWN.jpg"/>
  <file size="18634" md5="22b2fc7f9c70297a5b2c1cdc8ed1557e" name="images/Edimax IC-7100p.jpg"/>
  <file size="24994" md5="f5cf4f52d30162020d4809fe7583a6c5" name="images/Email.jpg"/>
  <file size="30395" md5="d6c1c912183e8cdb3f9dd38d15804034" name="images/Features_Small.jpg"/>
  <file size="61190" md5="db823642791d811cf559653144f32b0f" name="images/Gesture_pinch.jpg"/>
  <file size="60917" md5="2fc6a490bb7cef67307193bb293c768d" name="images/Gesture_swipe.jpg"/>
  <file size="30375" md5="186e8faf32ede0aa28b60fa560163f4c" name="images/IPCam_1.jpg"/>
  <file size="63047" md5="63892fc0d8fec2f5e7016f4b72e33c5b" name="images/IPCam_2.jpg"/>
  <file size="5657" md5="78a9db8b1b24816a79107e9af7296d71" name="images/Library.jpg"/>
  <file size="41565" md5="4b7d52d66c944417907d37ec0545b9ce" name="images/Multilanguage.jpg"/>
  <file size="28575" md5="3d80c7e54e7d8dd0dda4ab6b412143b8" name="images/Printer.jpg"/>
  <file size="40866" md5="d2af1aaae661ba0d01ce28ce82386781" name="images/Recipes.jpg"/>
  <file size="7968" md5="5d5ec0d2340041032a0a414810886303" name="images/Reuters.jpg"/>
  <file size="37794" md5="7432f1f9177eebf1c40b477401d72bb4" name="images/S500-S_Small.bmp"/>
  <file size="19434" md5="d5c9380591f6287d06a3241d84e9fbb7" name="images/S500-XC_Small.bmp"/>
  <file size="43574" md5="a39001bf22d1cdfe33fa38ad73323348" name="images/S500-eCo_Small.bmp"/>
  <file size="33374" md5="adefc7eb769c8fe72cac99e8dccc6ac8" name="images/S500_Small.bmp"/>
  <file size="48495" md5="c7f23061620f7e41d61c247790cbdb63" name="images/Schedule.jpg"/>
  <file size="43690" md5="2d5ec7a2b17bff977009b888620eda44" name="images/Trend_Real.jpg"/>
  <file size="369" md5="97ee5f37410dd2bde22bdac375ea82c4" name="images/UI_AddUser_24.png"/>
  <file size="166" md5="5b8801921687c6f3b9d033e2b6f8cb67" name="images/UI_Calculator_24.png"/>
  <file size="285" md5="01ea0cd92d2ff41a010666a3ff26c4d2" name="images/UI_Close_24.png"/>
  <file size="204" md5="735bd0f615961962690c418fff3cf79e" name="images/UI_Copy_24.png"/>
  <file size="402" md5="6c2e30cec644913cd40b3beb8a8fa3f9" name="images/UI_DelUser_24.png"/>
  <file size="327" md5="001ed86343184567d050f4ff6cb4649f" name="images/UI_Group_24.png"/>
  <file size="216" md5="b733f6c05d38d6f6ba3c037888ae3e56" name="images/UI_Home_20.png"/>
  <file size="408" md5="fbe239eea3b15f4f3a1ae88660724ba9" name="images/UI_InformationCircle2_24.png"/>
  <file size="314" md5="f9f9412fda6c42bad7ea18fdce5b963e" name="images/UI_Key_24.png"/>
  <file size="255" md5="dad56f662d5c62e893e3e8645c869340" name="images/UI_LeftArrow_24.png"/>
  <file size="235" md5="cbc2cdf75934dd3e507382e85fdea2f8" name="images/UI_Left_20.png"/>
  <file size="168" md5="3ec9dfe43902f2d8e2664c53bc331a85" name="images/UI_Network_24.png"/>
  <file size="401" md5="b81af48aea029f019213843d03625365" name="images/UI_Refresh_24.png"/>
  <file size="278" md5="57605a4ad25d71f414d92b73d34acf4d" name="images/UI_Reports_24.png"/>
  <file size="246" md5="11e520084d5c92159150fe57f8076203" name="images/UI_RightArrow_24.png"/>
  <file size="235" md5="8a8cebf10dba2e9c68a1d2dec2c620a2" name="images/UI_Right_20.png"/>
  <file size="172" md5="f4e8c214a5794b6436807e2e5f7f4e9d" name="images/UI_Trash_24.png"/>
  <file size="14097" md5="14e218bb1b5d6ce2c56045928115fb90" name="images/User_1.jpg"/>
  <file size="17957" md5="9a50eb6c00ca6be0bce9d00deaf236f1" name="images/User_2.jpg"/>
  <file size="21067" md5="23a2798f568aa0f888f648a82472cfd2" name="images/User_3.jpg"/>
  <file size="6280" md5="ff50deba2c481eed22bfbe9918f760eb" name="images/ack.png"/>
  <file size="454" md5="ebcee715bbd25a47063a7d66cba99b82" name="images/action.png"/>
  <file size="4447" md5="d061aca03f49085f2782aa6472691fc7" name="images/frame_rect_chrome.svg"/>
  <file size="6200" md5="679b4da44d138acb8cb3dff23328e7b0" name="images/frame_round_chrome.svg"/>
  <file size="6848" md5="b31656df812f5a0151f02d0a7588f49b" name="images/frame_rrect_chrome.svg"/>
  <file size="1542" md5="440bfb58b02293a5db642ff30e33abc6" name="images/gau_center_blk2.svg"/>
  <file size="26064" md5="53367b078a1bd1b4ad5cede1a74e2dbe" name="images/gau_rrect3_chrome_rev1.svg"/>
  <file size="665" md5="546ae9386a743f450fc49a10d859acdd" name="images/glass.svg"/>
  <file size="10469" md5="3fc33123c98c1fd3a01929f67575af97" name="images/hgau_rrect1_chrome.svg"/>
  <file size="3054" md5="3150b8e2b2c686b91af6e23f02d0717d" name="images/hslbk_rrect1_metal.svg"/>
  <file size="4401" md5="3e9e2ee1864db6fcd7b2593a6609eaca" name="images/hslbk_thin_none_rev1.svg"/>
  <file size="12743" md5="6689274456c3caa7bc8de27269fa9a07" name="images/hthmb_blkpl_rect_2_rev1.svg"/>
  <file size="11230" md5="84719cdedd3ce8ac7c82f39d246e2f02" name="images/hthmb_whpl_rect_1_rev2.svg"/>
  <file size="120381" md5="bb13fbe08ca4610dee39d2d0ab16e74a" name="images/iPhoneX_Small.png"/>
  <file size="603" md5="58c8d34748bb0bded8b263e301966b12" name="images/ic_au1_001.svg"/>
  <file size="3873" md5="e721dd758d8edf201706ae015457b1fd" name="images/ic_au2_076.svg"/>
  <file size="1387" md5="a3858eedc5c39ed2e4a429b8c5e07a53" name="images/ic_ma1_022.svg"/>
  <file size="609" md5="e2ae9c91157257faeb06785ddfdc1953" name="images/ic_pl1_004.svg"/>
  <file size="570" md5="4ec9aa65777e8d94d7d14340fbbaceb3" name="images/ic_pl1_020.svg"/>
  <file size="562" md5="d676ad023002bcb87b8277a39525b94a" name="images/ic_pl1_021.svg"/>
  <file size="473" md5="23f1849cf15766ebfd7a56237d24679e" name="images/ic_pl1_034.svg"/>
  <file size="477" md5="a3e3a7e1e96ff8421c2e65a84d1aeec1" name="images/ic_pl1_035.svg"/>
  <file size="578" md5="b4c36cea33bc21ba31134b7692cf94cf" name="images/ic_pl1_125.svg"/>
  <file size="33241" md5="ed916e8dabd27edbb9fa4812a0ef8d76" name="images/knob_chrome_4.svg"/>
  <file size="1698" md5="7a82e5856caebd05ea87f87bb082fcf7" name="images/li_round_shiney1_rev2.svg"/>
  <file size="230" md5="38e42e7cc99fac461a492a3999170dec" name="images/li_shape_rect.svg"/>
  <file size="1418" md5="3dc9ddc87fe13cc1fc1845f04ac114fe" name="images/ne_2line_1.svg"/>
  <file size="1193" md5="c7a55bb07b16f336dbbc89cc772dbb2d" name="images/ne_pointed_horiz.svg"/>
  <file size="59189" md5="edcb470695054fa2eefbe18b13e265c6" name="images/users2.png"/>
  <file size="41287" md5="f3944bf70c1969a95649a6fc101b9698" name="images\ABB_PIC_01.jpg"/>
  <file size="86983" md5="4ec5a3278b3e74cacf3f104cf9b950f6" name="images\ABB_PIC_02.jpg"/>
  <file size="84203" md5="5b5198194a43dd9353764fb998cf72f9" name="images\ABB_PIC_03.jpg"/>
  <file size="50016" md5="d295880025c101edaf10ee6066060f2a" name="images\ABB_PIC_04.jpg"/>
  <file size="70332" md5="5c3262f802de37d10e29a650b7c3cf08" name="images\ABB_PIC_05.jpg"/>
  <file size="73992" md5="7b937871c615c940b3b70e6ebabfd467" name="images\ABB_PIC_06.jpg"/>
  <file size="87754" md5="c4fc270d7d92892bb80dc20da67242a2" name="images\ABB_PIC_07.jpg"/>
  <file size="92337" md5="e5082ac18caed8c5a0794baeaece286b" name="images\ABB_PIC_08.jpg"/>
  <file size="72327" md5="4f1490d86cb337b7cdf89470867a7cbd" name="images\ABB_PIC_09.jpg"/>
  <file size="108940" md5="44628a5d61c9c7ef267edc5729b55380" name="images\ABB_PIC_10.jpg"/>
  <file size="398" md5="302eee438230634b97bb68ba7757bd87" name="images\ArrowLeft_Down_40x40.png"/>
  <file size="382" md5="167fe2a7c450bead3ab526b7eb1fe525" name="images\ArrowLeft_Up_40x40.png"/>
  <file size="400" md5="7f4f070bb61bef893b49b3c6b037a827" name="images\ArrowRight_Down_40x40.png"/>
  <file size="384" md5="f67758f6f6d3aab4fd85e4b68ed33e70" name="images\ArrowRight_Up_40x40.png"/>
  <file size="287" md5="5c323e88792159d324310ddda5111aa4" name="images\Button_Down_120x50.png"/>
  <file size="274" md5="1d521f45c81b8eac4b5f9fd91b58ee0a" name="images\Button_Up_120x50.png"/>
  <file size="73716" md5="a7491b0410c218cb660b963a3fd5922a" name="images\File_Copy.jpg"/>
  <file size="52367" md5="f5aff6c8b2221bba56e89fcea4ed2b6f" name="images\File_Delete.jpg"/>
  <file size="26934" md5="be55e1d4cc79ab55220270f714220ae1" name="images\File_Reload.jpg"/>
  <file size="15308" md5="af2a3a40689c56817a4dd0e9e32bdf2c" name="images\Gesture_ack1.png"/>
  <file size="20590" md5="41190ff6f4191d4574e8d5f43cf2ad7c" name="images\Gesture_ack2.png"/>
  <file size="12075" md5="da56ae0375c3b960404d87a7850e177a" name="images\Gesture_ack3.png"/>
  <file size="39454" md5="c4b5a6c2524b86590d58dc20bc7776bc" name="images\JS_Drop.jpg"/>
  <file size="63096" md5="fa7d1c99338a4f5cab5ddeb3d850ee1d" name="images\JS_Move.jpg"/>
  <file size="15155" md5="6c80e7ea33ef35d56df7f0e05582dcfe" name="images\JS_Swap.jpg"/>
  <file size="4406" md5="3d6063eaac530692c55b2e07c0d57302" name="images\Knobs_w_buttons_button_a.svg"/>
  <file size="9805" md5="7ad1e0e832fba86f3b7c2f1ef3fcdcfe" name="images\Knobs_w_buttons_button_b.svg"/>
  <file size="42206" md5="114b50469de58ecedc664a7413a279d0" name="images\Table_DataSource.jpg"/>
  <file size="45880" md5="cf222e242339e357bbbf9f04b0764e95" name="images\Table_JavaScript.jpg"/>
  <file size="29189" md5="27390a84452aa2f8f40ef02700b8ffa9" name="images\Trend_His_1.jpg"/>
  <file size="51661" md5="f74bb7bb20cd197b69a94cd37ae73965" name="images\Trend_His_2.jpg"/>
  <file size="45450" md5="f66234a8dc8b25be8a2556409c5296b1" name="images\Trend_His_3.jpg"/>
  <file size="3989" md5="8d2e5f6624f68b155173ae9e54f6d807" name="images\btn_gray_down_rev1.svg"/>
  <file size="3798" md5="2a47e7ce974dfa872f5eaf983306f684" name="images\btn_gray_up_rev1.svg"/>
  <file size="1475" md5="374abadb35c96cbf0c57d3de68950fb7" name="images\btn_plastic_rect_1.svg"/>
  <file size="490" md5="ae6e56ae281835e6bc1be7dc4805fbe6" name="images\btn_plastic_rect_2_rev2.svg"/>
  <file size="4060" md5="506b3eb7677699d5c1e312890d2d535a" name="images\btn_shiney_round_1.svg"/>
  <file size="5044" md5="2fdad126d9ec4b8a6ff6fa0a46090532" name="images\btn_shiney_round_2.svg"/>
  <file size="3731" md5="1bcbd842dca1d0a87ef316e4a0aec5d1" name="images\btn_shiney_rrect_1.svg"/>
  <file size="1591" md5="46ce68024a25f80724c32b0d9f568947" name="images\btn_shiney_rrect_2_rev2.svg"/>
  <file size="2086" md5="e0c1e56351ca617bf885f74ebe39786c" name="images\ic_flag_rect_chn_rev1.svg"/>
  <file size="682" md5="dca6c563de6ebae3da3943968499116f" name="images\ic_flag_rect_deu_rev1.svg"/>
  <file size="358147" md5="a0ade2e5fcdba579382eebe9ec3f6065" name="images\ic_flag_rect_esp_rev1.svg"/>
  <file size="785" md5="92b940da4b684567dcca731258a3831e" name="images\ic_flag_rect_fra_rev1.svg"/>
  <file size="1650" md5="bab71a0faec254b1a9f1a4056b695eda" name="images\ic_flag_rect_grc_rev1.svg"/>
  <file size="815" md5="38f2653de4103abcfc54bc98647a9c7f" name="images\ic_flag_rect_ita_rev1.svg"/>
  <file size="777" md5="48a92f58ea83d3967253592663010f13" name="images\ic_flag_rect_rus_rev1.svg"/>
  <file size="13315" md5="77d2d8cd373ff5dfba6d829c4bfe58fa" name="images\ic_flag_rect_usa_rev1.svg"/>
  <file size="246" md5="cdd18e9d429840311bed355b0334d2a7" name="images\win-like-press.svg"/>
  <file size="324" md5="1b90e3ab10911021640735311741880b" name="images\win-like.svg"/>
  <file size="15955" md5="73a14be3836ccdbce04be6cc35669e6b" name="ipcamera.jmxb"/>
  <file size="12108" md5="5f58a58daa05b774957ba0b25ddfdfb9" name="javascript.jmxb"/>
  <file size="9084" md5="fcdf70539c0c5f6f2d051040464973ba" name="javascript.js"/>
  <file size="166" md5="5b8801921687c6f3b9d033e2b6f8cb67" name="keypads/images/UI_Calculator_24.png"/>
  <file size="291" md5="ceaba464942f1821b04d1d2c45c82487" name="keypads/images/UI_DownArrow_24.png"/>
  <file size="255" md5="dad56f662d5c62e893e3e8645c869340" name="keypads/images/UI_LeftArrow_24.png"/>
  <file size="246" md5="11e520084d5c92159150fe57f8076203" name="keypads/images/UI_RightArrow_24.png"/>
  <file size="281" md5="d8dcaed73c304f1785808bf45a941cc0" name="keypads/images/UI_UpArrow_24.png"/>
  <file size="8633" md5="15c777f7cd26b3c47d121f6f5c95395d" name="keypads/images/btn_kbdwht_long_1_rev1.svg"/>
  <file size="7800" md5="23fc4b4815b9593ae07bce83598646aa" name="keypads/images/btn_kbdwht_long_2_rev1.svg"/>
  <file size="8539" md5="1cfa9bc847fc6c3e1ca4497b22b77088" name="keypads/images/btn_kbdwht_std_1_rev1.svg"/>
  <file size="8101" md5="948b4d6e6cc1cf1409bbe5b0a68d7e7a" name="keypads/images/btn_kbdwht_std_2_rev1.svg"/>
  <file size="8278" md5="42a684955a0ff2c059ab5d90410969e2" name="keypads/images/btn_kbdwht_wide_1_rev1.svg"/>
  <file size="7526" md5="86118c884d61fcb38057ff425377aee0" name="keypads/images/btn_kbdwht_wide_2_rev1.svg"/>
  <file size="1790" md5="b142ce8345c1ecf4788decb22f2bf9d4" name="keypads/images/ic_cn2_03.svg"/>
  <file size="950" md5="827f0f6604910c1ebbc153248854097c" name="keypads/images/ic_pl2_114.svg"/>
  <file size="957" md5="47901a56ecb1e1d3605623a150c7d992" name="keypads/images/ic_pl2_115.svg"/>
  <file size="211" md5="d51aced96e906caa1752a1fe0c51f46a" name="keypads/images\Numeric_Key_Down.png"/>
  <file size="212" md5="be37ff92aed137e233d06e2ab6091b83" name="keypads/images\Numeric_Key_Up.png"/>
  <file size="8633" md5="15c777f7cd26b3c47d121f6f5c95395d" name="keypads/images\btn_kbdwht_long_1_rev1.svg"/>
  <file size="7800" md5="23fc4b4815b9593ae07bce83598646aa" name="keypads/images\btn_kbdwht_long_2_rev1.svg"/>
  <file size="29518" md5="81943e976bb8a8e22247775e5f13605b" name="keypads\alphabet.jmx"/>
  <file size="10952" md5="5f61fbd76e26774ff0b76b66350555a4" name="keypads\calendar.jmx"/>
  <file size="13126" md5="672afe3c149df656c1ac1143e27622db" name="keypads\numeric.jmx"/>
  <file size="27104" md5="c5ecef7c36ca7af3a12313a24b44a4b2" name="language.jmxb"/>
  <file size="8258" md5="564182fd7cb9245206f5a86970d6d1e1" name="network.jmxb"/>
  <file size="6774" md5="5b1456c78ccdef0bfe5b6ed466a79593" name="opt/AC500_V3GroupWgt2.GauHrz.png"/>
  <file size="15594" md5="01917fa7d4cacaed352e8b7626e81607" name="opt/AC500_V3GroupWgt2.GauRnd8.png"/>
  <file size="27285" md5="ec29ef7ff46a4db47f24c774c82cce42" name="opt/ac500_v3.png"/>
  <file size="3192" md5="ecd78200fff4a49a4b4221c8c185ed7e" name="opt/background.png"/>
  <file size="23185" md5="92d78ab4609b943caec8599012110af5" name="opt/email.png"/>
  <file size="3587" md5="3724400ede1c6c69a665d7b60e271b9d" name="opt/filebrowser.png"/>
  <file size="110994" md5="c26cd54ee07e27626f1fa7599df99560" name="opt/help_alarm_banner.png"/>
  <file size="108441" md5="1afaf0600eb09edd70cdffa13601aa07" name="opt/help_alarm_simulation.png"/>
  <file size="59436" md5="029fb7050ffabd1e8b9ae03e3d31139c" name="opt/help_email.png"/>
  <file size="2084" md5="d9143c2f2a85b541f9e27a818edb67d2" name="opt/help_filebrowser.png"/>
  <file size="126512" md5="e3cbc4d3461e107d07b758484a5b20a5" name="opt/help_gestures_pinch.png"/>
  <file size="6546" md5="73b3fb7deed21ac9b313c711f4f1db52" name="opt/help_gestures_security.png"/>
  <file size="128813" md5="54c50b4ca47f7e1db77cf44bfc1ff55c" name="opt/help_gestures_swipe.png"/>
  <file size="154816" md5="14e67dbede266a09d7ce504ecaec20ec" name="opt/help_ipcamera.png"/>
  <file size="2084" md5="d9143c2f2a85b541f9e27a818edb67d2" name="opt/help_javascript.png"/>
  <file size="108723" md5="c2d495b38d0534c99c4c565282bd1f40" name="opt/help_multilanguage.png"/>
  <file size="102262" md5="fd9ebe85a05220db28c1f5dcad0da896" name="opt/help_recipes.png"/>
  <file size="45414" md5="cd7cfeed414d39f87a6fea9e788a654a" name="opt/help_report.png"/>
  <file size="76764" md5="693d5bb74186d037920be2697ade093d" name="opt/help_scheduler.png"/>
  <file size="2084" md5="d9143c2f2a85b541f9e27a818edb67d2" name="opt/help_table.png"/>
  <file size="2084" md5="d9143c2f2a85b541f9e27a818edb67d2" name="opt/help_trend_history.png"/>
  <file size="51296" md5="292696633171a46e3d8990bd66680c1f" name="opt/help_trend_real.png"/>
  <file size="129194" md5="f37d0469d3b438f3fbc82e8122bd12d7" name="opt/help_usermanagement.png"/>
  <file size="21837" md5="da60c49c27f6954d4c3ccf63d37cf90c" name="opt/ipcamera.png"/>
  <file size="3192" md5="9163cbfef781b956ef48ecfee4cd96de" name="opt/language.png"/>
  <file size="6204" md5="31c23b32051f848708534f3f934cb1ed" name="opt/network.png"/>
  <file size="3864" md5="37c41a885b4a17d449c098d2adfdfc97" name="opt/recipes.png"/>
  <file size="31112" md5="4101f90dd4489290f78471ee092d341e" name="opt/rssfeed.png"/>
  <file size="3192" md5="ecd78200fff4a49a4b4221c8c185ed7e" name="opt/scheduler.png"/>
  <file size="158020" md5="71dbc9d7b55add1b8c00666f443ec217" name="opt/start.png"/>
  <file size="3694" md5="525a859761cbeff17732b24530cc7d40" name="opt/system.png"/>
  <file size="3192" md5="ecd78200fff4a49a4b4221c8c185ed7e" name="opt/table.png"/>
  <file size="1529" md5="c1441f728f0477aab40c4bf063009af7" name="opt/userright.png"/>
  <file size="48503" md5="7b95b452f8825b6e1f4a9cc5ff1d95a0" name="opt/users.png"/>
  <file size="239674" md5="700498919612a177ad79d03f643f6958" name="opt/web_cp600.png"/>
  <file size="166871" md5="bf61a36f36dd31f7113a4ae3c01a1b54" name="opt/web_cp600eco.png"/>
  <file size="207222" md5="012ae46899791da031a3cfb9678b1efe" name="opt/web_cp600pro.png"/>
  <file size="245986" md5="c81cab79e5e3100e05a7203116ece469" name="opt/web_main.png"/>
  <file size="5290" md5="6ed5b705764ac788b4ede328bde1b135" name="opt/webtemplate.png"/>
  <file size="32765" md5="aa1417e2e15d2bf928594cab73c08884" name="recipes.jmxb"/>
  <file size="80537" md5="0dbc1f0affb73c2e5e0689f58353fe80" name="reports\graphic report 1/images/Reports.jpg"/>
  <file size="13839" md5="d2019ac674308f27f648e8151a73027a" name="reports\graphic report 1/opt/graphic report 1_17c808.png"/>
  <file size="2646" md5="ae55ccc1640a7bd8c3b2ce327ab94070" name="reports\graphic report 1\graphic report 1 header footer.jmxb"/>
  <file size="6634" md5="fb07bbe7919af16f500874e6a603a21d" name="reports\graphic report 1\graphic report 1_17c808.jmxb"/>
  <file size="17862" md5="b6f712a9eb7d1bd180f24f592d358773" name="rssfeed.jmxb"/>
  <file size="10591" md5="1d36c8bc3564269caa1fc676b0d14fc1" name="scheduler.jmxb"/>
  <file size="24292" md5="e7fa8fed421adb6a6076549107611ae4" name="start.jmxb"/>
  <file size="270" md5="6be2c9a421e7cc93cdcdad9dda727a7d" name="start.js"/>
  <file size="47926" md5="58b41a0b8ba3d191eeeea45bfb53ba75" name="system.jmxb"/>
  <file size="9618" md5="549194d391a68ea34fc4c01fd424b95c" name="table.jmxb"/>
  <file size="1351" md5="29399260ec2ec24753ef72b932d541d6" name="table.js"/>
  <file size="57303" md5="7956b47ee398eb55917af381d9515fdb" name="trend.jmxb"/>
  <file size="4586" md5="4137eb5b1c689967b920ea6cd217967b" name="usermgmttemplates/images/Button.svg"/>
  <file size="6250" md5="2a71e1093df90b1829b0296a58937a10" name="usermgmttemplates/images/ButtonFrame.svg"/>
  <file size="5244" md5="bb902146e5b22c6209291715e76fc66f" name="usermgmttemplates/images/ButtonPressed.svg"/>
  <file size="1705" md5="809b16e766affb479982a657e07b7d3b" name="usermgmttemplates/images/bgAddUser.svg"/>
  <file size="1705" md5="809b16e766affb479982a657e07b7d3b" name="usermgmttemplates/images/bgChangePassword.svg"/>
  <file size="1705" md5="809b16e766affb479982a657e07b7d3b" name="usermgmttemplates/images/bgDeleteUser.svg"/>
  <file size="1705" md5="809b16e766affb479982a657e07b7d3b" name="usermgmttemplates/images/bgLoginPage.svg"/>
  <file size="1705" md5="809b16e766affb479982a657e07b7d3b" name="usermgmttemplates/images/bgLoginPage_combo.svg"/>
  <file size="1705" md5="809b16e766affb479982a657e07b7d3b" name="usermgmttemplates/images/bgSwitchUserLoginPage.svg"/>
  <file size="1705" md5="809b16e766affb479982a657e07b7d3b" name="usermgmttemplates/images/bgSwitchUserLoginPage_combo.svg"/>
  <file size="1705" md5="809b16e766affb479982a657e07b7d3b" name="usermgmttemplates/images/bgUserEditor.svg"/>
  <file size="4586" md5="4137eb5b1c689967b920ea6cd217967b" name="usermgmttemplates/images\Button.svg"/>
  <file size="5244" md5="bb902146e5b22c6209291715e76fc66f" name="usermgmttemplates/images\ButtonPressed.svg"/>
  <file size="3029" md5="bd6b02019d306eb4964c5284a879cd8f" name="usermgmttemplates/images\checkboxOFF.svg"/>
  <file size="2542" md5="06a14a52c48885bba652e0537356571a" name="usermgmttemplates/images\checkboxON.svg"/>
  <file size="16332" md5="13a4f9cd47866d30d58cd026c8a2d8a1" name="usermgmttemplates/opt/adduser.png"/>
  <file size="10802" md5="4f228cb9c331b5f588e85433355b6403" name="usermgmttemplates/opt/changepassword.png"/>
  <file size="7205" md5="877ccba4eda536fa3f2cbdc672bcea00" name="usermgmttemplates/opt/deleteuser.png"/>
  <file size="7485" md5="5394a6796ee282531525dea977cee69f" name="usermgmttemplates/opt/loginpage.png"/>
  <file size="7449" md5="b83b3158afef402fda427ca288f254e2" name="usermgmttemplates/opt/loginpage_combo.png"/>
  <file size="7749" md5="1c587b8e7d575ab5996dc753db78e0fb" name="usermgmttemplates/opt/switchuserloginpage.png"/>
  <file size="7712" md5="7eee696975c9af6f8edd5ba6fa01db0f" name="usermgmttemplates/opt/switchuserloginpage_combo.png"/>
  <file size="16332" md5="5c37637891dd22547740a2f6889148f5" name="usermgmttemplates/opt/usereditor.png"/>
  <file size="12569" md5="6ac3101bdd33d5912a6c5a8f567ec8b4" name="usermgmttemplates\adduser.jmx"/>
  <file size="8063" md5="de315804889c8a7e28a0e53a8c140aa4" name="usermgmttemplates\changepassword.jmx"/>
  <file size="6026" md5="4aa99925294ac91c99db8a6a88a8abff" name="usermgmttemplates\deleteuser.jmx"/>
  <file size="5573" md5="a5976ef553deb171ea5c9c6b895ed7e4" name="usermgmttemplates\loginpage.jmx"/>
  <file size="5879" md5="6c3bfe1596d367d4a6de8ec45138b602" name="usermgmttemplates\loginpage_combo.jmx"/>
  <file size="7193" md5="14daafd0083d5ae12ecc5ca8ed79beaf" name="usermgmttemplates\signaturedialog.jmx"/>
  <file size="6842" md5="010ae85145a963a1eb56a33ac50f6ec9" name="usermgmttemplates\switchuserloginpage.jmx"/>
  <file size="7120" md5="3bcfa9b4f5912ee5cf3072f9d455f05f" name="usermgmttemplates\switchuserloginpage_combo.jmx"/>
  <file size="12730" md5="24c43f300307e0b1bb2bec4f4b574a49" name="usermgmttemplates\usereditor.jmx"/>
  <file size="5159" md5="490197e08464619c84ba0b1c91a37676" name="userright.jmxb"/>
  <file size="26444" md5="049e3417f26b303ded4bbbab137ea665" name="users.jmxb"/>
  <file size="19221" md5="f9e225cb718dc27b15f9246a3b7d9f1d" name="web_cp600.jmxb"/>
  <file size="17265" md5="e31a0c9e2eb3f08fe4a80401567e3247" name="web_cp600eco.jmxb"/>
  <file size="25385" md5="20462c5914b250d77053f7fcd41168d8" name="web_cp600pro.jmxb"/>
  <file size="35415" md5="18b3b96ef175fc5bb4a09c81548c9c95" name="web_main.jmxb"/>
  <file size="3296" md5="41a93262acc33825f6c0e079bd19c3ff" name="webtemplate.jmxb"/>
  <file size="18952" md5="8b8d2798af9f0579a08f2e7e54f45d2e" name="CP6607_project_and_HMI_demo.jpr"/>
  <file size="76906" md5="f23011767342b04b01c847c019eec758" name="screensaver\Pic 1_800x480.jpg"/>
  <file size="88313" md5="cdc6d2804f91eb2a802eef50edc4c158" name="screensaver\Pic 2_800x480.jpg"/>
  <file size="119745" md5="b0b25f5536b08f32bcb12e9b6e49c350" name="screensaver\Pic 3_800x480.jpg"/>
  <file size="70039" md5="7658c9e890207f942ba8b28a648be06e" name="screensaver\Pic 4_800x480.jpg"/>
  <file size="69397" md5="949f19b48e489a4d5ebd8c54fa9bfae8" name="screensaver\Pic 5_800x480.jpg"/>
  <file size="47519" md5="83a00fe065f24be86b3bd0cdcdc01383" name="screensaver\Pic 6_800x480.jpg"/>
  <file size="6400" md5="6b3f87c603d220427a72af5b553a2821" name="config\groups.xml"/>
  <file size="157" md5="817547b7240e03e1bfab1e9de9ae2318" name="config\engineconfig.xml"/>
  <file size="70" md5="9c686935bec5664c48af2db23cef4bb3" name="config\fastboot.xml"/>
  <file size="43903" md5="4f06598a2153ad3d98f1f2710a9b1787" name="config\tags.xml"/>
  <file size="14530" md5="f74cf73cb977fc434cf673fee51ec3ea" name="config\tags.bin"/>
  <file size="897" md5="e4d40f921f8251a12586881dc1ab0e9a" name="config\trends.xml"/>
  <file size="19" md5="00b1acd79e2d9cbdaf53f075e27847b2" name="config\indexedtagset.xml"/>
  <file size="684" md5="2f91a85ba33c0443045d51f0f827c118" name="config\recipe.xml"/>
  <file size="10137" md5="79f1a467ad6fbc3edc80a2ba70f0d801" name="config\alarms.xml"/>
  <file size="4792" md5="a08bdd7ea178e88ffad11fea81463abe" name="config\alarms.bin"/>
  <file size="979" md5="eaf6d528e2b62b8f691802694a8a8df5" name="config\multilang.xml"/>
  <file size="12874" md5="5cf1159d14b8a3744ef5ce3617248ab5" name="config\scheduler.xml"/>
  <file size="1211" md5="321a542a34702a6869dad11d15044286" name="config\protocols.xml"/>
  <file size="1841" md5="5b734b7fb63635333c74a68c96446b03" name="config\eventconfig.xml"/>
  <file size="982" md5="5a76a663f05796bd59b2435d55e943cf" name="config\eventlistinfo.xml"/>
  <file size="515" md5="8a5cd07d6dc78732f38bcfc2b1a43ec4" name="config\emailconfig.xml"/>
  <file size="363" md5="dbdfcdc0a7b9efbdea58969b441cd958" name="config\emailinfo.xml"/>
  <file size="969" md5="5ba83d17560fb0d0bb39a15c9203f0aa" name="config\reports.xml"/>
  <file size="193" md5="3f3974b6c8a9f3edcefc6b3097d22be0" name="config\print.xml"/>
  <file size="2880" md5="66e8aa649325963f19948d33e49c0e96" name="config\usermgnt_group.xml"/>
  <file size="4120" md5="38f5f00198140f0273012b892770822b" name="config\usermgnt_user.xml"/>
  <file size="14324" md5="93730c790a978b533ff3085e0abe94cb" name="config\usermgnt_uiauth.xml"/>
  <file size="508" md5="ee28fc52d4c6c1992809974f9b75d455" name="config\ftpd_security_auth.xml"/>
  <file size="1100" md5="5ebe785373856c47d9122ea4cb67f842" name="config\httpd_security_auth.xml"/>
  <file size="490" md5="5c30022d59b97442b59c6a960fb63769" name="config\audittrail.xml"/>
  <file size="59" md5="22f2393ca4d87f6e330372761f7a0c01" name="config\dbconnector.xml"/>
  <file size="82" md5="ea04482112d41f5d12e38ac8a58f81d5" name="config\datatransfers.xml"/>
  <file size="534" md5="7c1be3f42aa512b5e7f3e6c7f2d095f8" name="config\screensaver.xml"/>
  <file size="13495" md5="f8a36a86e47452e2f3d5c3ab485e96e2" name="opt\imagecachelist.xml"/>
  <file size="48" md5="6031eebd7e766ab5c3ff8ab8d397c37d" name="data\Latte_default.dat"/>
  <file size="48" md5="2f954886fc5829b21a8d932e230da415" name="data\Chocolate_default.dat"/>
  <file size="311" md5="cee6fd1306d07bc8dacd867d5c2d2e9e" name="config\if_opcua.xml"/>
  <file size="5303" md5="bd248e3e5ff158a5848335cf48f437ac" name="config\opcserverconfig.ini"/>
  <file size="1018" md5="2ab67733d09edc4cf75d8fd8cd2d08aa" name="js/com/hmi/calendarkeypadmodule-1.2.0.js"/>
  <file size="6875" md5="2f31a66eeacbed04c891335419e290ec" name="js/com/hmi/ipwidget-1.0.1.js"/>
  <file size="1700" md5="813ed69925e09d21eeb706e1b7f349b7" name="props/abb_rssfeed.props"/>
  <file size="5253" md5="e214e12cfffc42e1cf01b0729a5e91ab" name="props/abb_rssfeed.png"/>
  <file size="1174" md5="239681540230c540558457a5bd051235" name="props/com/hmi/ipwidget.props"/>
  <file size="2209" md5="a01f06c250daec374a644762896601f7" name="props/ptz controls.props"/>
  <file size="59389" md5="6c79c8c76a98c8424a41031f351ca3c8" name="web\web\pages\m1_page1.html"/>
  <file size="30788" md5="5cb17927a6d4895de6b5ba46e81e3229" name="web\web\pages\m2_page2.html"/>
  <file size="33291" md5="4c233b21e12b438b42a3faa61dbc9dd2" name="web\web\pages\m3_page3.html"/>
  <file size="41272" md5="8db2e4cf0082981c538ef4e0c31c36e0" name="web\web\pages\m4_page4.html"/>
  <file size="38008" md5="92634664041612ea3b72ae17f91ddb22" name="web\web\umtemplates\changepassword.html"/>
  <file size="245986" md5="c81cab79e5e3100e05a7203116ece469" name="web/web/images/web_main.png"/>
  <file size="166871" md5="bf61a36f36dd31f7113a4ae3c01a1b54" name="web/web/images/web_cp600eco.png"/>
  <file size="239674" md5="700498919612a177ad79d03f643f6958" name="web/web/images/web_cp600.png"/>
  <file size="207222" md5="012ae46899791da031a3cfb9678b1efe" name="web/web/images/web_cp600pro.png"/>
  <file size="0" md5="d41d8cd98f00b204e9800998ecf8427e" name="web\web\css\pages\_m1_page1.css"/>
  <file size="0" md5="d41d8cd98f00b204e9800998ecf8427e" name="web\web\css\pages\_m2_page2.css"/>
  <file size="0" md5="d41d8cd98f00b204e9800998ecf8427e" name="web\web\css\pages\_m3_page3.css"/>
  <file size="0" md5="d41d8cd98f00b204e9800998ecf8427e" name="web\web\css\pages\_m4_page4.css"/>
  <file size="1084" md5="233ca4c69b111b53f6999add81e0432d" name="web\web\index.html"/>
  <file size="2040" md5="58f0962044f414e456857defd650bc90" name="web\web\_webmain.html"/>
  <file size="2033" md5="062ebe9c0ee51ce40250c9a74611651b" name="web\web\_mobimain.html"/>
  <file size="2167" md5="87b4035043ee088403705a99717961b2" name="web\web\_tabletmain.html"/>
  <file size="108" md5="276977272ad93d1fa7ef760cd986788c" name="web\web\config\server.json"/>
  <file size="14237" md5="513602b1ff6e44f768b6a3ce905df167" name="web\web\config\conf.json"/>
  <file size="24185" md5="f461c7bece8468256bc3d2ede91ec591" name="web\web\js\comWorker.min.js"/>
  <file size="357662" md5="e415abe09836dc015cf61004c3bd60a6" name="web\web\js\hmi.libs.min.js"/>
  <file size="514467" md5="6d4d8b9be5040744c2c8acda3649434c" name="web\web\js\hmi.combined.min.js"/>
  <file size="11838" md5="410c2130810474205931c793388a0dc4" name="web\web\js\loadProject.js"/>
  <file size="0" md5="d41d8cd98f00b204e9800998ecf8427e" name="web\web\js\page.combined.js"/>
  <file size="101" md5="8c5b1fd7648d91e534d05e495a8719bd" name="web\web\js\index.html"/>
  <file size="101" md5="8c5b1fd7648d91e534d05e495a8719bd" name="web\web\js\jqm\index.html"/>
  <file size="7091" md5="ec52497edc22cf1664fbc3d085253bc7" name="web\web\js\eventsource.min.js"/>
  <file size="0" md5="d41d8cd98f00b204e9800998ecf8427e" name="web\web\css\fonts.css"/>
  <file size="373" md5="39a46da47aab25f5969177f4a6900ca7" name="web\web\css\pages\commons.css"/>
  <file size="6169" md5="1b3cf092699c92cfd88a988c4c3c19b5" name="web\web\css\lib.min.css"/>
  <file size="9731" md5="880915fee805c74d984f7ab5a99ad320" name="web\web\css\core.min.css"/>
  <file size="101" md5="8c5b1fd7648d91e534d05e495a8719bd" name="web\web\css\index.html"/>
  <file size="101" md5="8c5b1fd7648d91e534d05e495a8719bd" name="web\web\css\jqm\index.html"/>
  <file size="171" md5="fb456b3f7f0b805ac7be21d97b443f9a" name="web\web\css\jqm\images\icons-png\delete-black.png"/>
  <file size="185" md5="478fa064c1e2234032e7a3de1884f4ed" name="web\web\css\jqm\images\icons-png\delete-white.png"/>
  <file size="23429" md5="a6598526052da10892ef5b65356dce15" name="web\web\images\sprite.png"/>
  <file size="228" md5="ada8c7604cb166b82239443d445a8e5b" name="web\web\images\buttonbg.png"/>
  <file size="156" md5="031168106009261807282c26366108bc" name="web\web\images\hdrbg.png"/>
  <file size="101" md5="8c5b1fd7648d91e534d05e495a8719bd" name="web\web\images\index.html"/>
  <file size="1086" md5="8cea6007ddeabc53ac2dd2b0c2fde111" name="web\web\images\arrow_up_mod.png"/>
  <file size="1255" md5="8abf9f2d9ad1c6a78b9c2f640c4e59f2" name="web\web\images\arrow_down_mod.png"/>
  <file size="1053" md5="2ccb6e89d1fdf23216c48eda1918bfeb" name="web\web\images\arrow_left_mod.png"/>
  <file size="1089" md5="6d75e166a9443de0fe49643f2e361ae3" name="web\web\images\arrow_right_mod.png"/>
  <file size="0" md5="d41d8cd98f00b204e9800998ecf8427e" name="web\web\css\umtemplates\_changepassword.css"/>
  <file size="357662" md5="e415abe09836dc015cf61004c3bd60a6" name="web\web\umtemplates\js\hmi.libs.min.js"/>
  <file size="514467" md5="6d4d8b9be5040744c2c8acda3649434c" name="web\web\umtemplates\js\hmi.combined.min.js"/>
  <file size="6169" md5="1b3cf092699c92cfd88a988c4c3c19b5" name="web\web\umtemplates\css\lib.min.css"/>
  <file size="9731" md5="880915fee805c74d984f7ab5a99ad320" name="web\web\umtemplates\css\core.min.css"/>
  <file size="1" md5="7215ee9c7d9dc229d2921a40e899ec5f" name="web\web\modules\resources\templates.xml"/>
  <file size="748720" md5="e60435cf3fa62b54f70f9f3f464ba1d5" name="arialbd.ttf"/>
  <file size="772192" md5="2936a2056ef3395f1d77571d1b9faf33" name="arial.ttf"/>
  <file size="9751960" md5="1054d571c8a003c497366a95c11b5760" name="simhei.ttf"/>
  <file size="697972" md5="af804b139c6231aea424986173f56d3e" name="tahoma.ttf"/>
  <file size="647184" md5="11e6878f9081facb70e0d5e32049c702" name="tahomabd.ttf"/>
  <file size="500" md5="ba676fad1998c25cb91ca443a1d2765d" name="fonts.xml"/>
 </files>
</JMFiles>
