{"propsMap.json":{"Button":{"bdrImage":["ButtonWgt.bdrImage","ImageWgt1.bdrImage"]}},"groups.json":{"AC500_V3@$GroupSubscrWgt@$0":{"tgs":{"PLC_AC500_V3/Application/GVL/Pot_AI1":1,"PLC_AC500_V3/Application/GVL/Pot_AI2":1,"PLC_AC500_V3/Application/IoConfig_Globals_Mapping/xDI_08_CI502":1,"PLC_AC500_V3/Application/IoConfig_Globals_Mapping/xDI_08_DA501":1,"PLC_AC500_V3/Application/IoConfig_Globals_Mapping/xDI_09_CI502":1,"PLC_AC500_V3/Application/IoConfig_Globals_Mapping/xDI_09_DA501":1,"PLC_AC500_V3/Application/IoConfig_Globals_Mapping/xDI_10_CI502":1,"PLC_AC500_V3/Application/IoConfig_Globals_Mapping/xDI_10_DA501":1,"PLC_AC500_V3/Application/IoConfig_Globals_Mapping/xDI_11_CI502":1,"PLC_AC500_V3/Application/IoConfig_Globals_Mapping/xDI_11_DA501":1,"PLC_AC500_V3/Application/IoConfig_Globals_Mapping/xDO_08_CI502":1,"PLC_AC500_V3/Application/IoConfig_Globals_Mapping/xDO_09_CI502":1,"PLC_AC500_V3/Application/IoConfig_Globals_Mapping/xDO_10_CI502":1,"PLC_AC500_V3/Application/IoConfig_Globals_Mapping/xDO_11_CI502":1,"PLC_AC500_V3/Application/IoConfig_Globals_Mapping/xDO_16_DA501":1,"PLC_AC500_V3/Application/IoConfig_Globals_Mapping/xDO_17_DA501":1,"PLC_AC500_V3/Application/IoConfig_Globals_Mapping/xDO_18_DA501":1,"PLC_AC500_V3/Application/IoConfig_Globals_Mapping/xDO_19_DA501":1}},"Alarms@$GroupSubscrWgt@$0":{"tgs":{"Alarm triggered":1,"Alarm_01":1,"Alarm_02":1,"Alarm_03":1,"Alarm_04":1,"Alarm_Active_EN":1,"Alarm_History_EN":1,"Number of triggered not acknowledged":1}},"Background@$GroupSubscrWgt@$0":{"tgs":{"Languages":1,"System Time":1}},"CP6607_project_and_HMI_demo@$GroupSubscrWgt@$0":{"tgs":{"DT_Manual_Day":1,"DT_Manual_Hour":1,"DT_Manual_Minute":1,"DT_Manual_Month":1,"DT_Manual_Second":1,"DT_Manual_Sync_EN":1,"DT_Manual_Year":1,"Day Of Month":1,"Hour":1,"Minute":1,"Month":1,"Second":1,"Year":1}},"Calendar@$GroupSubscrWgt@$0":{"tgs":{"System Time":1}},"Email@$GroupSubscrWgt@$0":{"tgs":{"Email_Content":1,"Email_Password":1,"Email_SSL":1,"Email_ServerAddress":1,"Email_ServerAuthentication":1,"Email_ServerPort":1,"Email_Subject":1,"Email_To":1,"Email_User":1}},"FileBrowser@$GroupSubscrWgt@$0":{"tgs":{"File_DestPath":1,"File_SourcePath":1}},"Help_FileBrowser@$GroupSubscrWgt@$0":{"tgs":{"Help_FileBrowser":1}},"Help_JavaScript@$GroupSubscrWgt@$0":{"tgs":{"Help_JavaScript":1}},"Help_Table@$GroupSubscrWgt@$0":{"tgs":{"Help_Table":1}},"Language@$GroupSubscrWgt@$0":{"tgs":{"Languages":1}},"Network@$GroupSubscrWgt@$0":{"tgs":{"Adapters Parameters":1}},"Recipes@$GroupSubscrWgt@$0":{"tgs":{"Recipe_01":1,"Recipe_02":1,"Recipe_03":1,"Recipe_04":1,"Recipe_11":1,"Recipe_12":1,"Recipe_13":1,"Recipe_14":1}},"Scheduler@$GroupSubscrWgt@$0":{"tgs":{"Schedule_Condition":1,"Schedule_Daily":1,"Schedule_Every":1,"Schedule_Every2":1,"Schedule_Hours":1}},"Start@$GroupSubscrWgt@$0":{"tgs":{"Languages":1,"System Time":1}},"System@$GroupSubscrWgt@$0":{"tgs":{"Available System Memory":1,"Backlight Time":1,"Current project":1,"DT_Manual_Day":1,"DT_Manual_Hour":1,"DT_Manual_Minute":1,"DT_Manual_Month":1,"DT_Manual_Second":1,"DT_Manual_Sync_EN":1,"DT_Manual_Year":1,"Day Of Month":1,"Display Brightness":1,"Flash Free Space":1,"Hour":1,"Main OS Version":1,"Manufacturer Code":1,"Minute":1,"Month":1,"Project load time":1,"Protocol Communication Status":1,"Protocol Error Count":1,"Runtime Version":1,"Second":1,"System Mode":1,"System UpTime":1,"USB Drive FreeSpace":1,"USB Drive Name":1,"USB Drive Size":1,"USB Drive Status":1,"Year":1}},"Trend@$GroupSubscrWgt@$0":{"tgs":{"Trend_History_CursorOFF":1,"Trend_History_CursorON":1,"Trend_History_EN":1,"Trend_MotorCurrent":1,"Trend_MotorCurrent_Sel":1,"Trend_MotorSpeed":1,"Trend_MotorSpeed_Sel":1,"Trend_MotorTemp":1,"Trend_MotorTemp_Sel":1,"Trend_Real_CursorOFF":1,"Trend_Real_CursorON":1,"Trend_Real_EN":1}},"UserRight@$GroupSubscrWgt@$0":{"tgs":{"This Client Group-Name":1,"This Client User-Name":1}},"Users@$GroupSubscrWgt@$0":{"tgs":{"This Client Group-Name":1,"This Client User-Name":1}},"WebTemplate@$GroupSubscrWgt@$0":{"tgs":{"System Time":1}}},"trends.json":{"Trend1":{"st":1000,"ac":true,"sz":99999,"t":1}},"recipes.json":{"Latte":{"sets":["Mild","Normal","Extra"],"tags":{"Recipe_01":"Espresso","Recipe_02":"Milk","Recipe_03":"Water","Recipe_04":"Sugar"}},"Chocolate":{"sets":["Mild","Normal","Extra"],"tags":{"Recipe_11":"Cocoa","Recipe_12":"Milk","Recipe_13":"Water","Recipe_14":"Sugar"}}},"usermgmt.json":{"securityEnable":true,"forceRemoteLogin":true,"admin":{"users":["admin","George"],"timers":[0,0],"exceptions":[false,false],"authUI":{"actions":null,"widgets":null},"useLastVisitedPage":true},"guest":{"authUI":{"actions":{"ToggleBitAction":0,"PageDurationTrendAction":0,"RefreshTrendAction":0,"DownLoadCurRecipeAction":0,"PageLeftTrendAction":0,"UpLoadCurRecipeAction":0,"DownLoadRecipeAction":0,"WriteCurrentRecipeSetAction":0,"DeleteEventArchiveAction":0,"UpLoadRecipeAction":0,"ZoomOutTrendAction":0,"ShowMessageAction":0,"ScrollRightTrendAction":0,"PauseTrendAction":0,"ZoomResetTrendAction":0,"ScrollLeftTrendAction":0,"DumpTrendAction":0,"StepTagAction":0,"WriteTagAction":0,"ZoomInTrendAction":0,"PageRightTrendAction":0,"DeleteTrendAction":0},"widgets":{"TicksWgt":1,"TrendWindowWgt":1,"MsgTextWgt":1,"BargraphWgt":1,"ShapeWgt":1,"LabelsWgt":1,"TrendCurveWgt":1,"ComboBoxWgt":1,"LabelWgt":1,"GridWgt":1,"IndicatorWgt":1,"LineWgt":1,"MultiStateImageWgt":1,"IPCameraWgt":1,"ImageWgt":1,"NumericWgt":1,"ScaleWgt":1}},"useLastVisitedPage":true},"unauthorized":{"authUI":{"actions":null,"widgets":{}},"useLastVisitedPage":true},"PowerUser":{"users":["Tina"],"timers":[0],"exceptions":[false],"authUI":{"actions":null,"widgets":{}},"useLastVisitedPage":true},"Operator":{"users":["Sam"],"timers":[0],"exceptions":[false],"authUI":{"actions":null,"widgets":{}},"useLastVisitedPage":true},"defUsr":"Sam","defUsrGrp":"Operator"},"tags.json":{"Recipe_01":{"t":7,"rt":500},"Recipe_02":{"t":7,"rt":500},"Recipe_03":{"t":7,"rt":500},"Recipe_04":{"t":7,"rt":500},"Recipe_11":{"t":7,"rt":500},"Recipe_12":{"t":7,"rt":500},"Recipe_13":{"t":7,"rt":500},"Recipe_14":{"t":7,"rt":500},"Schedule_Every":{"t":0,"rt":500},"Schedule_Every2":{"t":0,"rt":500},"Schedule_Hours":{"t":0,"rt":500},"Schedule_Daily":{"t":0,"rt":500},"Schedule_Condition":{"t":0,"rt":500},"Alarm_01":{"t":0,"rt":500},"Alarm_02":{"t":2,"rt":500},"Alarm_03":{"t":3,"rt":500},"Alarm_04":{"t":7,"rt":500},"Alarm_History_EN":{"t":0,"rt":500},"Alarm_Active_EN":{"t":0,"rt":500},"Trend_MotorCurrent":{"t":7,"rt":500},"Trend_MotorCurrent_Sel":{"t":0,"rt":500},"Trend_MotorSpeed":{"t":7,"rt":500},"Trend_MotorSpeed_Sel":{"t":0,"rt":500},"Trend_MotorTemp":{"t":7,"rt":500},"Trend_MotorTemp_Sel":{"t":0,"rt":500},"Trend_MotorTemp_EN1":{"t":0,"rt":500},"Trend_MotorTemp_EN2":{"t":0,"rt":500},"Trend_Motor_Start":{"t":0,"rt":500},"Trend_Motor_Started":{"t":0,"rt":500},"Trend_Motor_Stop":{"t":0,"rt":500},"Trend_Motor_Stopped":{"t":0,"rt":500},"Trend_Real_EN":{"t":0,"rt":500},"Trend_Real_CursorON":{"t":0,"rt":500},"Trend_Real_CursorOFF":{"t":0,"rt":500},"Trend_History_EN":{"t":0,"rt":500},"Trend_History_CursorON":{"t":0,"rt":500},"Trend_History_CursorOFF":{"t":0,"rt":500},"DT_Manual_Year":{"t":5,"rt":500},"DT_Manual_Month":{"t":4,"rt":500},"DT_Manual_Day":{"t":4,"rt":500},"DT_Manual_Hour":{"t":4,"rt":500},"DT_Manual_Minute":{"t":4,"rt":500},"DT_Manual_Second":{"t":4,"rt":500},"DT_Manual_Sync_EN":{"t":0,"rt":500},"Languages":{"t":6,"rt":1000},"Email_To":{"t":9,"rt":500},"Email_Subject":{"t":9,"rt":500},"Email_Content":{"t":9,"rt":500},"Email_ServerAddress":{"t":9,"rt":1000},"Email_ServerPort":{"t":9,"rt":1000},"Email_ServerAuthentication":{"t":0,"rt":1000},"Email_User":{"t":9,"rt":1000},"Email_Password":{"t":9,"rt":1000},"Email_SSL":{"t":0,"rt":1000},"File_SourcePath":{"t":9,"rt":1000},"File_DestPath":{"t":9,"rt":1000},"Table_Data01":{"t":5,"rt":1000},"Table_Data02":{"t":5,"rt":1000},"Table_Data03":{"t":5,"rt":1000},"Table_Data04":{"t":4,"rt":1000},"Table_Data05":{"t":4,"rt":1000},"Table_Data06":{"t":4,"rt":1000},"Table_Data07":{"t":4,"rt":1000},"Help_FileBrowser":{"t":2,"rt":1000},"Help_JavaScript":{"t":2,"rt":1000},"Help_Table":{"t":2,"rt":1000},"PLC_AC500_V3/Application/GVL/Pot_AI1":{"t":2,"rt":50},"PLC_AC500_V3/Application/GVL/Pot_AI2":{"t":2,"rt":50},"PLC_AC500_V3/Application/IoConfig_Globals_Mapping/xDI_08_CI502":{"t":0,"rt":50},"PLC_AC500_V3/Application/IoConfig_Globals_Mapping/xDI_08_DA501":{"t":0,"rt":50},"PLC_AC500_V3/Application/IoConfig_Globals_Mapping/xDI_09_CI502":{"t":0,"rt":50},"PLC_AC500_V3/Application/IoConfig_Globals_Mapping/xDI_09_DA501":{"t":0,"rt":50},"PLC_AC500_V3/Application/IoConfig_Globals_Mapping/xDI_10_CI502":{"t":0,"rt":50},"PLC_AC500_V3/Application/IoConfig_Globals_Mapping/xDI_10_DA501":{"t":0,"rt":50},"PLC_AC500_V3/Application/IoConfig_Globals_Mapping/xDI_11_CI502":{"t":0,"rt":50},"PLC_AC500_V3/Application/IoConfig_Globals_Mapping/xDI_11_DA501":{"t":0,"rt":50},"PLC_AC500_V3/Application/IoConfig_Globals_Mapping/xDO_08_CI502":{"t":0,"rt":50},"PLC_AC500_V3/Application/IoConfig_Globals_Mapping/xDO_09_CI502":{"t":0,"rt":50},"PLC_AC500_V3/Application/IoConfig_Globals_Mapping/xDO_10_CI502":{"t":0,"rt":50},"PLC_AC500_V3/Application/IoConfig_Globals_Mapping/xDO_11_CI502":{"t":0,"rt":50},"PLC_AC500_V3/Application/IoConfig_Globals_Mapping/xDO_13_CI502":{"t":0,"rt":50},"PLC_AC500_V3/Application/IoConfig_Globals_Mapping/xDO_14_CI502":{"t":0,"rt":50},"PLC_AC500_V3/Application/IoConfig_Globals_Mapping/xDO_15_CI502":{"t":0,"rt":50},"PLC_AC500_V3/Application/IoConfig_Globals_Mapping/xDO_16_DA501":{"t":0,"rt":50},"PLC_AC500_V3/Application/IoConfig_Globals_Mapping/xDO_17_DA501":{"t":0,"rt":50},"PLC_AC500_V3/Application/IoConfig_Globals_Mapping/xDO_18_DA501":{"t":0,"rt":50},"PLC_AC500_V3/Application/IoConfig_Globals_Mapping/xDO_19_DA501":{"t":0,"rt":50},"PLC_AC500_V3/Application/IoConfig_Globals_Mapping/xDO_21_DA501":{"t":0,"rt":50},"PLC_AC500_V3/Application/IoConfig_Globals_Mapping/xDO_22_DA501":{"t":0,"rt":50},"PLC_AC500_V3/Application/IoConfig_Globals_Mapping/xDO_23_DA501":{"t":0,"rt":50}},"alarms.json":{"defaultColors":{"nTTC":"#ffffff","nTBC":"#f03040","dTC":"#ffffff","dBG":"#f03040","tTC":"#ffffff","tBG":"#f03040","tNATC":"#ffffff","tNABC":"#f03040","nTATC":"#ffffff","nTABC":"#f03040","nTNATC":"#ffffff","nTNABG":"#f03040","tATC":"#ffffff","tABG":"#f03040","aTC":"#ff0000","aBG":"#ffff00"},"alarms":{"Alarm1":{"n":"Alarm1","s":"Alarm_01","e":true,"d":7,"lD":{"L1":[],"L2":"L1","L3":"L1","L4":"L1","L5":"L1","L6":"L1","L7":"L1","L8":"L1"},"sv":1,"customFields":"\r\n            ","nM":76,"id":"1","xO":0},"Alarm2":{"n":"Alarm2","s":"Alarm_02","e":true,"nTBC":"#0096e0","dBG":"#0096e0","tBG":"#0096e0","tNABC":"#0096e0","nTABC":"#0096e0","tABG":"#0096e0","d":8,"lD":{"L1":["Alarm_02"],"L2":"L1","L3":"L1","L4":"L1","L5":"L1","L6":"L1","L7":"L1","L8":"L1"},"sv":1,"customFields":"\r\n            ","v":"100","nM":76,"id":"2","xO":1},"Alarm3":{"n":"Alarm3","s":"Alarm_03","e":true,"nTBC":"#ff7300","dBG":"#ff7300","tBG":"#ff7300","tNABC":"#ff7300","nTABC":"#ff7300","tABG":"#ff7300","d":9,"lD":{"L1":["Alarm_03"],"L2":"L1","L3":"L1","L4":"L1","L5":"L1","L6":"L1","L7":"L1","L8":"L1"},"sv":1,"customFields":"\r\n            ","lL":30,"hL":70,"nM":76,"id":"3","xO":2},"Alarm4":{"n":"Alarm4","s":"Alarm_04","e":true,"d":10,"lD":{"L1":["Alarm_04"],"L2":"L1","L3":"L1","L4":"L1","L5":"L1","L6":"L1","L7":"L1","L8":"L1"},"sv":1,"customFields":"\r\n            ","dv":"10","sP":"60","nM":76,"id":"4","xO":3}},"mlTexts":{"0":{"L1":"Not Triggered","L2":"Not Triggered","L3":"Not Triggered","L4":"Not Triggered","L5":"Not Triggered","L6":"Not Triggered","L7":"Not Triggered","L8":"Not Triggered"},"2":{"L1":"Triggered","L2":"Triggered","L3":"Triggered","L4":"Triggered","L5":"Triggered","L6":"Triggered","L7":"Triggered","L8":"Triggered"},"3":{"L1":"Triggered Not Acked","L2":"Triggered Not Acked","L3":"Triggered Not Acked","L4":"Triggered Not Acked","L5":"Triggered Not Acked","L6":"Triggered Not Acked","L7":"Triggered Not Acked","L8":"Triggered Not Acked"},"4":{"L1":"Not Triggered Acked","L2":"Not Triggered Acked","L3":"Not Triggered Acked","L4":"Not Triggered Acked","L5":"Not Triggered Acked","L6":"Not Triggered Acked","L7":"Not Triggered Acked","L8":"Not Triggered Acked"},"5":{"L1":"Not Triggered Not Acked","L2":"Not Triggered Not Acked","L3":"Not Triggered Not Acked","L4":"Not Triggered Not Acked","L5":"Not Triggered Not Acked","L6":"Not Triggered Not Acked","L7":"Not Triggered Not Acked","L8":"Not Triggered Not Acked"},"6":{"L1":"Triggered Acked","L2":"Triggered Acked","L3":"Triggered Acked","L4":"Triggered Acked","L5":"Triggered Acked","L6":"Triggered Acked","L7":"Triggered Acked","L8":"Triggered Acked"},"7":{"L1":"Error: Alarm 01 Bit Mask Alarm","L2":"Error: Alarm 01 Bit Mask Alarm","L3":"Error: Alarm 01 Bit Mask Alarm","L4":"Error: Alarm 01 Bit Mask Alarm","L5":"Error: Alarm 01 Bit Mask Alarm","L6":"Error: Alarm 01 Bit Mask Alarm","L7":"Error: Alarm 01 Bit Mask Alarm","L8":"Error: Alarm 01 Bit Mask Alarm"},"8":{"L1":"Information: Alarm 02 Value Alarm [$0] Hz","L2":"Information: Alarm 02 Value Alarm [$0] Hz","L3":"Information: Alarm 02 Value Alarm [$0] Hz","L4":"Information: Alarm 02 Value Alarm [$0] Hz","L5":"Information: Alarm 02 Value Alarm [$0] Hz","L6":"Information: Alarm 02 Value Alarm [$0] Hz","L7":"Information: Alarm 02 Value Alarm [$0] Hz","L8":"Information: Alarm 02 Value Alarm [$0] Hz"},"9":{"L1":"Warning: Alarm 03 Limit Alarm [$0] %","L2":"Warning: Alarm 03 Limit Alarm [$0] %","L3":"Warning: Alarm 03 Limit Alarm [$0] %","L4":"Warning: Alarm 03 Limit Alarm [$0] %","L5":"Warning: Alarm 03 Limit Alarm [$0] %","L6":"Warning: Alarm 03 Limit Alarm [$0] %","L7":"Warning: Alarm 03 Limit Alarm [$0] %","L8":"Warning: Alarm 03 Limit Alarm [$0] %"},"10":{"L1":"Error: Alarm 04 Deviation Alarm [$0] kg","L2":"Error: Alarm 04 Deviation Alarm [$0] kg","L3":"Error: Alarm 04 Deviation Alarm [$0] kg","L4":"Error: Alarm 04 Deviation Alarm [$0] kg","L5":"Error: Alarm 04 Deviation Alarm [$0] kg","L6":"Error: Alarm 04 Deviation Alarm [$0] kg","L7":"Error: Alarm 04 Deviation Alarm [$0] kg","L8":"Error: Alarm 04 Deviation Alarm [$0] kg"},"22":{"L1":"Disabled","L2":"Disabled","L3":"Disabled","L4":"Disabled","L5":"Disabled","L6":"Disabled","L7":"Disabled","L8":"Disabled"}}},"indexedtagset.json":{}}