﻿<files>
 <executablesVersion/>
 <activateProject>1</activateProject>
 <group name="System Files">
  <file version="" checksum="3155922552" nameTo="deploy/config/alarms.xml" nameFrom="deploy/config/alarms.xml"/>
  <file version="" checksum="1877573713" nameTo="deploy/config/emailsettings.xml" nameFrom="deploy/config/emailsettings.xml"/>
  <file version="" checksum="4042410326" nameTo="deploy/config/engineconfig.xml" nameFrom="deploy/config/engineconfig.xml"/>
  <file version="" checksum="2149725071" nameTo="deploy/config/errorscreen.txt" nameFrom="deploy/config/errorscreen.txt"/>
  <file version="" checksum="3295080432" nameTo="deploy/config/eventmoduleconfig.xml" nameFrom="deploy/config/eventmoduleconfig.xml"/>
  <file version="" checksum="2396372508" nameTo="deploy/config/ftpd_security_config.xml" nameFrom="deploy/config/ftpd_security_config.xml"/>
  <file version="" checksum="1937427517" nameTo="deploy/config/groups.xml" nameFrom="deploy/config/groups.xml"/>
  <file version="" checksum="103310087" nameTo="deploy/config/httpd_security_config.xml" nameFrom="deploy/config/httpd_security_config.xml"/>
  <file version="" checksum="151720192" nameTo="deploy/config/jsconfig.xml" nameFrom="deploy/config/jsconfig.xml"/>
  <file version="" checksum="2602521834" nameTo="deploy/config/mime.types" nameFrom="deploy/config/mime.types"/>
  <file version="" checksum="819583386" nameTo="deploy/config/openio.xml" nameFrom="deploy/config/openio.xml"/>
  <file version="" checksum="3139498020" nameTo="deploy/config/propertymap.xml" nameFrom="deploy/config/propertymap.xml"/>
  <file version="" checksum="1617857236" nameTo="deploy/config/protocols.xml" nameFrom="deploy/config/protocols.xml"/>
  <file version="" checksum="1223298634" nameTo="deploy/config/safemode.txt" nameFrom="deploy/config/safemode.txt"/>
  <file version="" checksum="1381206151" nameTo="deploy/config/scheduler.xml" nameFrom="deploy/config/scheduler.xml"/>
  <file version="" checksum="2934338210" nameTo="deploy/config/screensaver.xml" nameFrom="deploy/config/screensaver.xml"/>
  <file version="" checksum="2891376141" nameTo="deploy/config/tags.xml" nameFrom="deploy/config/tags.xml"/>
  <file version="" checksum="3191221981" nameTo="deploy/config/trends.xml" nameFrom="deploy/config/trends.xml"/>
  <file version="" checksum="3024829508" nameTo="deploy/config/webguilevels.xml" nameFrom="deploy/config/webguilevels.xml"/>
  <file version="" checksum="1586870993" nameTo="deploy/config/auditTrail.xml" nameFrom="deploy/config/auditTrail.xml"/>
  <file version="" checksum="1676778870" nameTo="deploy/config/dbconnector.xml" nameFrom="deploy/config/dbconnector.xml"/>
  <file version="" checksum="2145510694" nameTo="deploy/config/displayconfig.xml" nameFrom="deploy/config/displayconfig.xml"/>
  <file version="" checksum="2682956261" nameTo="deploy/config/eventconfig.xml" nameFrom="deploy/config/eventconfig.xml"/>
  <file version="" checksum="617437460" nameTo="deploy/config/print.xml" nameFrom="deploy/config/print.xml"/>
  <file version="" checksum="3710010092" nameTo="deploy/config/reports.xml" nameFrom="deploy/config/reports.xml"/>
  <file version="" checksum="1060328773" nameTo="deploy/config/settings.xml" nameFrom="deploy/config/settings.xml"/>
  <file version="" checksum="3507983762" nameTo="deploy/config/indexedtagset.xml" nameFrom="deploy/config/indexedtagset.xml"/>
  <file version="" checksum="2544944462" nameTo="deploy/config/target_location.xml" nameFrom="deploy/config/target_location.xml"/>
  <file version="" checksum="3590248969" nameTo="deploy/config/checkbox.png" nameFrom="deploy/config/checkbox.png"/>
  <file version="" checksum="3720484799" nameTo="deploy/updateerror.xml" nameFrom="deploy/updateerror.xml"/>
  <file version="" checksum="2260809709" nameTo="deploy/config/opcserverconfig.xml" nameFrom="deploy/config/opcserverconfig.xml"/>
  <file version="" checksum="2742272622" nameTo="deploy/config/config.ini" nameFrom="deploy/config/config.ini"/>
  <file version="" checksum="3051097030" nameTo="deploy/config/system.xml" nameFrom="deploy/config/system.xml"/>
  <file version="" checksum="2774683741" nameTo="deploy/config/ftpdconfig.xml" nameFrom="deploy/config/ftpdconfig.xml"/>
  <file version="" checksum="3292430776" nameTo="deploy/config/httpd_config.xml" nameFrom="deploy/config/httpd_config.xml"/>
 </group>
 <group name="Executable files">
  <file version="" checksum="119394608" nameTo="install.sh" nameFrom="install.sh"/>
  <file version="" checksum="3106644371" nameTo="run.sh" nameFrom="run.sh"/>
  <file version="" checksum="4109903629" nameTo="stop.sh" nameFrom="stop.sh"/>
  <file version="" checksum="4233422319" nameTo="uninstall.sh" nameFrom="uninstall.sh"/>
  <file version="" checksum="2876648849" nameTo="update.sh" nameFrom="update.sh"/>
  <file version="" checksum="213665697" nameTo="deploy/start.sh" nameFrom="deploy/start.sh"/>
  <file version="" checksum="2876648849" nameTo="update.sh" nameFrom="update.sh"/>
  <file version="" checksum="3941219087" nameTo="deploy/HMI" nameFrom="deploy/HMI"/>
  <file version="" checksum="1394671113" nameTo="deploy/HMILogger" nameFrom="deploy/HMILogger"/>
  <file version="" checksum="3656618457" nameTo="deploy/HMIUpdater" nameFrom="deploy/HMIUpdater"/>
  <file version="" checksum="64106957" nameTo="deploy/HMIWdDialog" nameFrom="deploy/HMIWdDialog"/>
  <file version="" checksum="3364105342" nameTo="deploy/BackUp" nameFrom="deploy/BackUp"/>
 </group>
 <group name="Support libraries">
  <file version="" checksum="3792348111" nameTo="deploy/libHMIAbout.so.1" nameFrom="deploy/libHMIAbout.so.1"/>
  <file version="" checksum="625693118" nameTo="deploy/libomnithread.so.1" nameFrom="deploy/libomnithread.so.1"/>
  <file version="" checksum="3875955217" nameTo="deploy/libQtCore.so.4" nameFrom="deploy/libQtCore.so.4"/>
  <file version="" checksum="1374766550" nameTo="deploy/libQtDBus.so.4" nameFrom="deploy/libQtDBus.so.4"/>
  <file version="" checksum="3720808074" nameTo="deploy/libQtGui.so.4" nameFrom="deploy/libQtGui.so.4"/>
  <file version="" checksum="2115360073" nameTo="deploy/libQtNetwork.so.4" nameFrom="deploy/libQtNetwork.so.4"/>
  <file version="" checksum="3506109410" nameTo="deploy/libQtScript.so.4" nameFrom="deploy/libQtScript.so.4"/>
  <file version="" checksum="2222308708" nameTo="deploy/libQtScriptTools.so.4" nameFrom="deploy/libQtScriptTools.so.4"/>
  <file version="" checksum="3604868784" nameTo="deploy/libQtSvg.so.4" nameFrom="deploy/libQtSvg.so.4"/>
  <file version="" checksum="518610372" nameTo="deploy/libQtXml.so.4" nameFrom="deploy/libQtXml.so.4"/>
  <file version="" checksum="580112656" nameTo="deploy/libphonon.so.4" nameFrom="deploy/libphonon.so.4"/>
  <file version="" checksum="2169300078" nameTo="deploy/imageformats/libqgif.so" nameFrom="deploy/imageformats/libqgif.so"/>
  <file version="" checksum="3844393055" nameTo="deploy/imageformats/libqico.so" nameFrom="deploy/imageformats/libqico.so"/>
  <file version="" checksum="4234013830" nameTo="deploy/imageformats/libqjpeg.so" nameFrom="deploy/imageformats/libqjpeg.so"/>
  <file version="" checksum="3624797887" nameTo="deploy/imageformats/libqsvg.so" nameFrom="deploy/imageformats/libqsvg.so"/>
  <file version="" checksum="3866007931" nameTo="deploy/images/badqualitywarning.png" nameFrom="deploy/images/badqualitywarning.png"/>
  <file version="" checksum="2812169530" nameTo="deploy/images/qualityuncertain.png" nameFrom="deploy/images/qualityuncertain.png"/>
  <file version="" checksum="1429569179" nameTo="deploy/libqjson.so.1" nameFrom="deploy/libqjson.so.1"/>
  <file version="" checksum="99779248" nameTo="deploy/images/accessdenied.png" nameFrom="deploy/images/accessdenied.png"/>
  <file version="" checksum="1443164173" nameTo="deploy/libuastack.so" nameFrom="deploy/libuastack.so"/>
  <file version="" checksum="2051037851" nameTo="deploy/pdfViewer" nameFrom="deploy/pdfViewer"/>
  <file version="" checksum="3474895902" nameTo="deploy/modules/libopcua.so" nameFrom="deploy/modules/libopcua.so"/>
 </group>
 <group name="Support Files">
  <file version="" checksum="177940270" nameTo="deploy/templates/keypadtemplates/alphabet.jmx" nameFrom="deploy/templates/keypadtemplates/alphabet.jmx"/>
  <file version="" checksum="3158368830" nameTo="deploy/templates/keypadtemplates/numeric.jmx" nameFrom="deploy/templates/keypadtemplates/numeric.jmx"/>
  <file version="" checksum="483521877" nameTo="deploy/templates/keypadtemplates/updown.jmx" nameFrom="deploy/templates/keypadtemplates/updown.jmx"/>
  <file version="" checksum="435488186" nameTo="deploy/templates/keypadtemplates/images/btn_kbdwht_stdlow_1.svg" nameFrom="deploy/templates/keypadtemplates/images/btn_kbdwht_stdlow_1.svg"/>
  <file version="" checksum="2065143194" nameTo="deploy/templates/keypadtemplates/images/btn_kbdwht_stdlow_2.svg" nameFrom="deploy/templates/keypadtemplates/images/btn_kbdwht_stdlow_2.svg"/>
  <file version="" checksum="2851292322" nameTo="deploy/templates/keypadtemplates/images/btn_kbdwht_wide_1num.svg" nameFrom="deploy/templates/keypadtemplates/images/btn_kbdwht_wide_1num.svg"/>
  <file version="" checksum="1562583816" nameTo="deploy/templates/keypadtemplates/images/ic_cn1_03.svg" nameFrom="deploy/templates/keypadtemplates/images/ic_cn1_03.svg"/>
  <file version="" checksum="1990121401" nameTo="deploy/templates/keypadtemplates/images/ic_cn1_07.svg" nameFrom="deploy/templates/keypadtemplates/images/ic_cn1_07.svg"/>
  <file version="" checksum="2074676534" nameTo="deploy/templates/keypadtemplates/images/ic_cn2_03.svg" nameFrom="deploy/templates/keypadtemplates/images/ic_cn2_03.svg"/>
  <file version="" checksum="1023136546" nameTo="deploy/templates/keypadtemplates/images/ic_pl1_093.svg" nameFrom="deploy/templates/keypadtemplates/images/ic_pl1_093.svg"/>
  <file version="" checksum="4015069756" nameTo="deploy/templates/keypadtemplates/images/ic_pl1_101.svg" nameFrom="deploy/templates/keypadtemplates/images/ic_pl1_101.svg"/>
  <file version="" checksum="2973292431" nameTo="deploy/templates/keypadtemplates/images/ic_pl2_067.svg" nameFrom="deploy/templates/keypadtemplates/images/ic_pl2_067.svg"/>
  <file version="" checksum="3926093478" nameTo="deploy/templates/keypadtemplates/images/ic_pl2_114.svg" nameFrom="deploy/templates/keypadtemplates/images/ic_pl2_114.svg"/>
  <file version="" checksum="1782548988" nameTo="deploy/templates/keypadtemplates/images/ic_pl2_115.svg" nameFrom="deploy/templates/keypadtemplates/images/ic_pl2_115.svg"/>
  <file version="" checksum="3198083203" nameTo="deploy/templates/keypadtemplates/images/ic_pl2_117.svg" nameFrom="deploy/templates/keypadtemplates/images/ic_pl2_117.svg"/>
  <file version="" checksum="1354497148" nameTo="deploy/templates/keypadtemplates/images/insetarrow.svg" nameFrom="deploy/templates/keypadtemplates/images/insetarrow.svg"/>
  <file version="" checksum="692712934" nameTo="deploy/templates/keypadtemplates/images/straightarrow.svg" nameFrom="deploy/templates/keypadtemplates/images/straightarrow.svg"/>
  <file version="" checksum="872976184" nameTo="deploy/templates/usermgmttemplates/adduser.jmx" nameFrom="deploy/templates/usermgmttemplates/adduser.jmx"/>
  <file version="" checksum="27074067" nameTo="deploy/templates/usermgmttemplates/changepassword.jmx" nameFrom="deploy/templates/usermgmttemplates/changepassword.jmx"/>
  <file version="" checksum="2131930172" nameTo="deploy/templates/usermgmttemplates/deleteuser.jmx" nameFrom="deploy/templates/usermgmttemplates/deleteuser.jmx"/>
  <file version="" checksum="1498593577" nameTo="deploy/templates/usermgmttemplates/loginpage.jmx" nameFrom="deploy/templates/usermgmttemplates/loginpage.jmx"/>
  <file version="" checksum="2658153203" nameTo="deploy/templates/usermgmttemplates/loginpage_combo.jmx" nameFrom="deploy/templates/usermgmttemplates/loginpage_combo.jmx"/>
  <file version="" checksum="3228302558" nameTo="deploy/templates/usermgmttemplates/switchuserloginpage.jmx" nameFrom="deploy/templates/usermgmttemplates/switchuserloginpage.jmx"/>
  <file version="" checksum="1430486515" nameTo="deploy/templates/usermgmttemplates/switchuserloginpage_combo.jmx" nameFrom="deploy/templates/usermgmttemplates/switchuserloginpage_combo.jmx"/>
  <file version="" checksum="2201280073" nameTo="deploy/templates/usermgmttemplates/usereditor.jmx" nameFrom="deploy/templates/usermgmttemplates/usereditor.jmx"/>
  <file version="" checksum="2477297040" nameTo="deploy/templates/usermgmttemplates/signaturedialog.jmx" nameFrom="deploy/templates/usermgmttemplates/signaturedialog.jmx"/>
 </group>
 <group name="System Files">
  <file version="" checksum="700521510" nameTo="package.info" nameFrom="package.info"/>
 </group>
 <group name="Console Files">
  <file version="" checksum="500196776" nameTo="deploy/workspace/index.html" nameFrom="deploy/workspace/index.html"/>
  <file version="" checksum="3457627829" nameTo="deploy/workspace/public/index.html" nameFrom="deploy/workspace/public/index.html"/>
  <file version="" checksum="965222889" nameTo="deploy/workspace/public/_mobilogin.html" nameFrom="deploy/workspace/public/_mobilogin.html"/>
  <file version="" checksum="2845370897" nameTo="deploy/workspace/public/_tabletlogin.html" nameFrom="deploy/workspace/public/_tabletlogin.html"/>
  <file version="" checksum="2064907849" nameTo="deploy/workspace/public/_weblogin.html" nameFrom="deploy/workspace/public/_weblogin.html"/>
  <file version="" checksum="1305629948" nameTo="deploy/workspace/public/js/index.html" nameFrom="deploy/workspace/public/js/index.html"/>
  <file version="" checksum="2981037383" nameTo="deploy/workspace/public/js/jquery-2.2.4.min.js" nameFrom="deploy/workspace/public/js/jquery-2.2.4.min.js"/>
  <file version="" checksum="495265281" nameTo="deploy/workspace/public/js/utils.min.js" nameFrom="deploy/workspace/public/js/utils.min.js"/>
  <file version="" checksum="1488522936" nameTo="deploy/workspace/public/images/sprite.png" nameFrom="deploy/workspace/public/images/sprite.png"/>
  <file version="" checksum="1305629948" nameTo="deploy/workspace/public/images/index.html" nameFrom="deploy/workspace/public/images/index.html"/>
  <file version="" checksum="1452137112" nameTo="deploy/workspace/public/images/buttonbg.png" nameFrom="deploy/workspace/public/images/buttonbg.png"/>
  <file version="" checksum="1305629948" nameTo="deploy/workspace/public/css/index.html" nameFrom="deploy/workspace/public/css/index.html"/>
  <file version="" checksum="2906319154" nameTo="deploy/workspace/public/css/login.min.css" nameFrom="deploy/workspace/public/css/login.min.css"/>
 </group>
 <group name="Webkit">
  <file version="" checksum="184861306" nameTo="deploy/libHMIWebBrowserPlugin.so" nameFrom="deploy/libHMIWebBrowserPlugin.so"/>
  <file version="" checksum="3636013453" nameTo="deploy/libQtWebKit.so.4" nameFrom="deploy/libQtWebKit.so.4"/>
 </group>
 <group name="Support libraries">
  <file version="" checksum="1893342600" nameTo="deploy/plugin/phonon_backend/libphonon_gstreamer.so" nameFrom="deploy/plugin/phonon_backend/libphonon_gstreamer.so"/>
 </group>
 <group name="Project Files">
  <file version="" checksum="3287271412" nameTo="deploy/workspace/cp6607_project_and_hmi_demo/ac500_v3.jmxb" nameFrom="deploy/workspace/cp6607_project_and_hmi_demo/ac500_v3.jmxb"/>
  <file version="" checksum="3702134158" nameTo="deploy/workspace/cp6607_project_and_hmi_demo/alarms.jmxb" nameFrom="deploy/workspace/cp6607_project_and_hmi_demo/alarms.jmxb"/>
  <file version="" checksum="3447276781" nameTo="deploy/workspace/cp6607_project_and_hmi_demo/alarms.js" nameFrom="deploy/workspace/cp6607_project_and_hmi_demo/alarms.js"/>
  <file version="" checksum="387977946" nameTo="deploy/workspace/cp6607_project_and_hmi_demo/background.jmxb" nameFrom="deploy/workspace/cp6607_project_and_hmi_demo/background.jmxb"/>
  <file version="" checksum="2829160924" nameTo="deploy/workspace/cp6607_project_and_hmi_demo/email.jmxb" nameFrom="deploy/workspace/cp6607_project_and_hmi_demo/email.jmxb"/>
  <file version="" checksum="3724291877" nameTo="deploy/workspace/cp6607_project_and_hmi_demo/filebrowser.jmxb" nameFrom="deploy/workspace/cp6607_project_and_hmi_demo/filebrowser.jmxb"/>
  <file version="" checksum="1280828386" nameTo="deploy/workspace/cp6607_project_and_hmi_demo/filebrowser.js" nameFrom="deploy/workspace/cp6607_project_and_hmi_demo/filebrowser.js"/>
  <file version="" checksum="3952518024" nameTo="deploy/workspace/cp6607_project_and_hmi_demo/gestures.jmxb" nameFrom="deploy/workspace/cp6607_project_and_hmi_demo/gestures.jmxb"/>
  <file version="" checksum="635313207" nameTo="deploy/workspace/cp6607_project_and_hmi_demo/gestures.js" nameFrom="deploy/workspace/cp6607_project_and_hmi_demo/gestures.js"/>
  <file version="" checksum="3389241246" nameTo="deploy/workspace/cp6607_project_and_hmi_demo/help_alarm_banner.jmxb" nameFrom="deploy/workspace/cp6607_project_and_hmi_demo/help_alarm_banner.jmxb"/>
  <file version="" checksum="2039222250" nameTo="deploy/workspace/cp6607_project_and_hmi_demo/help_alarm_simulation.jmxb" nameFrom="deploy/workspace/cp6607_project_and_hmi_demo/help_alarm_simulation.jmxb"/>
  <file version="" checksum="3584891969" nameTo="deploy/workspace/cp6607_project_and_hmi_demo/help_email.jmxb" nameFrom="deploy/workspace/cp6607_project_and_hmi_demo/help_email.jmxb"/>
  <file version="" checksum="2858971260" nameTo="deploy/workspace/cp6607_project_and_hmi_demo/help_filebrowser.jmxb" nameFrom="deploy/workspace/cp6607_project_and_hmi_demo/help_filebrowser.jmxb"/>
  <file version="" checksum="3688378568" nameTo="deploy/workspace/cp6607_project_and_hmi_demo/help_gestures_pinch.jmxb" nameFrom="deploy/workspace/cp6607_project_and_hmi_demo/help_gestures_pinch.jmxb"/>
  <file version="" checksum="3927639176" nameTo="deploy/workspace/cp6607_project_and_hmi_demo/help_gestures_security.jmxb" nameFrom="deploy/workspace/cp6607_project_and_hmi_demo/help_gestures_security.jmxb"/>
  <file version="" checksum="2461452559" nameTo="deploy/workspace/cp6607_project_and_hmi_demo/help_gestures_swipe.jmxb" nameFrom="deploy/workspace/cp6607_project_and_hmi_demo/help_gestures_swipe.jmxb"/>
  <file version="" checksum="833432757" nameTo="deploy/workspace/cp6607_project_and_hmi_demo/help_ipcamera.jmxb" nameFrom="deploy/workspace/cp6607_project_and_hmi_demo/help_ipcamera.jmxb"/>
  <file version="" checksum="1604627504" nameTo="deploy/workspace/cp6607_project_and_hmi_demo/help_javascript.jmxb" nameFrom="deploy/workspace/cp6607_project_and_hmi_demo/help_javascript.jmxb"/>
  <file version="" checksum="3141650071" nameTo="deploy/workspace/cp6607_project_and_hmi_demo/help_multilanguage.jmxb" nameFrom="deploy/workspace/cp6607_project_and_hmi_demo/help_multilanguage.jmxb"/>
  <file version="" checksum="395301762" nameTo="deploy/workspace/cp6607_project_and_hmi_demo/help_recipes.jmxb" nameFrom="deploy/workspace/cp6607_project_and_hmi_demo/help_recipes.jmxb"/>
  <file version="" checksum="1810525321" nameTo="deploy/workspace/cp6607_project_and_hmi_demo/help_report.jmxb" nameFrom="deploy/workspace/cp6607_project_and_hmi_demo/help_report.jmxb"/>
  <file version="" checksum="1855171481" nameTo="deploy/workspace/cp6607_project_and_hmi_demo/help_scheduler.jmxb" nameFrom="deploy/workspace/cp6607_project_and_hmi_demo/help_scheduler.jmxb"/>
  <file version="" checksum="835537013" nameTo="deploy/workspace/cp6607_project_and_hmi_demo/help_table.jmxb" nameFrom="deploy/workspace/cp6607_project_and_hmi_demo/help_table.jmxb"/>
  <file version="" checksum="2801601034" nameTo="deploy/workspace/cp6607_project_and_hmi_demo/help_trend_history.jmxb" nameFrom="deploy/workspace/cp6607_project_and_hmi_demo/help_trend_history.jmxb"/>
  <file version="" checksum="865486624" nameTo="deploy/workspace/cp6607_project_and_hmi_demo/help_trend_real.jmxb" nameFrom="deploy/workspace/cp6607_project_and_hmi_demo/help_trend_real.jmxb"/>
  <file version="" checksum="1341227816" nameTo="deploy/workspace/cp6607_project_and_hmi_demo/help_usermanagement.jmxb" nameFrom="deploy/workspace/cp6607_project_and_hmi_demo/help_usermanagement.jmxb"/>
  <file version="" checksum="2825538831" nameTo="deploy/workspace/cp6607_project_and_hmi_demo/images/abb_logo_screen_rgb_15px_white_@2x.png" nameFrom="deploy/workspace/cp6607_project_and_hmi_demo/images/abb_logo_screen_rgb_15px_white_@2x.png"/>
  <file version="" checksum="2712898209" nameTo="deploy/workspace/cp6607_project_and_hmi_demo/images/abb_pic_11.jpg" nameFrom="deploy/workspace/cp6607_project_and_hmi_demo/images/abb_pic_11.jpg"/>
  <file version="" checksum="2376397708" nameTo="deploy/workspace/cp6607_project_and_hmi_demo/images/ac500-s_small.bmp" nameFrom="deploy/workspace/cp6607_project_and_hmi_demo/images/ac500-s_small.bmp"/>
  <file version="" checksum="2183591435" nameTo="deploy/workspace/cp6607_project_and_hmi_demo/images/ac500-xc_small.bmp" nameFrom="deploy/workspace/cp6607_project_and_hmi_demo/images/ac500-xc_small.bmp"/>
  <file version="" checksum="243213213" nameTo="deploy/workspace/cp6607_project_and_hmi_demo/images/ac500-eco_small.bmp" nameFrom="deploy/workspace/cp6607_project_and_hmi_demo/images/ac500-eco_small.bmp"/>
  <file version="" checksum="391777876" nameTo="deploy/workspace/cp6607_project_and_hmi_demo/images/ac500_small.bmp" nameFrom="deploy/workspace/cp6607_project_and_hmi_demo/images/ac500_small.bmp"/>
  <file version="" checksum="1770740260" nameTo="deploy/workspace/cp6607_project_and_hmi_demo/images/alarms_1.jpg" nameFrom="deploy/workspace/cp6607_project_and_hmi_demo/images/alarms_1.jpg"/>
  <file version="" checksum="3262353147" nameTo="deploy/workspace/cp6607_project_and_hmi_demo/images/alarms_2.jpg" nameFrom="deploy/workspace/cp6607_project_and_hmi_demo/images/alarms_2.jpg"/>
  <file version="" checksum="2719559239" nameTo="deploy/workspace/cp6607_project_and_hmi_demo/images/alarms_3.jpg" nameFrom="deploy/workspace/cp6607_project_and_hmi_demo/images/alarms_3.jpg"/>
  <file version="" checksum="1143197758" nameTo="deploy/workspace/cp6607_project_and_hmi_demo/images/automation builder small.bmp" nameFrom="deploy/workspace/cp6607_project_and_hmi_demo/images/automation builder small.bmp"/>
  <file version="" checksum="77325083" nameTo="deploy/workspace/cp6607_project_and_hmi_demo/images/cnn_headline_news.jpg" nameFrom="deploy/workspace/cp6607_project_and_hmi_demo/images/cnn_headline_news.jpg"/>
  <file version="" checksum="2901874288" nameTo="deploy/workspace/cp6607_project_and_hmi_demo/images/cp600-pro_1.jpg" nameFrom="deploy/workspace/cp6607_project_and_hmi_demo/images/cp600-pro_1.jpg"/>
  <file version="" checksum="2443267334" nameTo="deploy/workspace/cp6607_project_and_hmi_demo/images/cp600-pro_small.jpg" nameFrom="deploy/workspace/cp6607_project_and_hmi_demo/images/cp600-pro_small.jpg"/>
  <file version="" checksum="3717669550" nameTo="deploy/workspace/cp6607_project_and_hmi_demo/images/cp600-eco_1.jpg" nameFrom="deploy/workspace/cp6607_project_and_hmi_demo/images/cp600-eco_1.jpg"/>
  <file version="" checksum="4214096559" nameTo="deploy/workspace/cp6607_project_and_hmi_demo/images/cp600-eco_all.jpg" nameFrom="deploy/workspace/cp6607_project_and_hmi_demo/images/cp600-eco_all.jpg"/>
  <file version="" checksum="814496030" nameTo="deploy/workspace/cp6607_project_and_hmi_demo/images/cp600pro_all_small.jpg" nameFrom="deploy/workspace/cp6607_project_and_hmi_demo/images/cp600pro_all_small.jpg"/>
  <file version="" checksum="1136804033" nameTo="deploy/workspace/cp6607_project_and_hmi_demo/images/cp600_1.jpg" nameFrom="deploy/workspace/cp6607_project_and_hmi_demo/images/cp600_1.jpg"/>
  <file version="" checksum="3208205020" nameTo="deploy/workspace/cp6607_project_and_hmi_demo/images/cp600_all.jpg" nameFrom="deploy/workspace/cp6607_project_and_hmi_demo/images/cp600_all.jpg"/>
  <file version="" checksum="1155939802" nameTo="deploy/workspace/cp6607_project_and_hmi_demo/images/dwn.jpg" nameFrom="deploy/workspace/cp6607_project_and_hmi_demo/images/dwn.jpg"/>
  <file version="" checksum="1079459709" nameTo="deploy/workspace/cp6607_project_and_hmi_demo/images/edimax ic-7100p.jpg" nameFrom="deploy/workspace/cp6607_project_and_hmi_demo/images/edimax ic-7100p.jpg"/>
  <file version="" checksum="875845222" nameTo="deploy/workspace/cp6607_project_and_hmi_demo/images/email.jpg" nameFrom="deploy/workspace/cp6607_project_and_hmi_demo/images/email.jpg"/>
  <file version="" checksum="4142577836" nameTo="deploy/workspace/cp6607_project_and_hmi_demo/images/features_small.jpg" nameFrom="deploy/workspace/cp6607_project_and_hmi_demo/images/features_small.jpg"/>
  <file version="" checksum="965430693" nameTo="deploy/workspace/cp6607_project_and_hmi_demo/images/gesture_pinch.jpg" nameFrom="deploy/workspace/cp6607_project_and_hmi_demo/images/gesture_pinch.jpg"/>
  <file version="" checksum="3487039925" nameTo="deploy/workspace/cp6607_project_and_hmi_demo/images/gesture_swipe.jpg" nameFrom="deploy/workspace/cp6607_project_and_hmi_demo/images/gesture_swipe.jpg"/>
  <file version="" checksum="797730041" nameTo="deploy/workspace/cp6607_project_and_hmi_demo/images/ipcam_1.jpg" nameFrom="deploy/workspace/cp6607_project_and_hmi_demo/images/ipcam_1.jpg"/>
  <file version="" checksum="2967319331" nameTo="deploy/workspace/cp6607_project_and_hmi_demo/images/ipcam_2.jpg" nameFrom="deploy/workspace/cp6607_project_and_hmi_demo/images/ipcam_2.jpg"/>
  <file version="" checksum="2865876765" nameTo="deploy/workspace/cp6607_project_and_hmi_demo/images/library.jpg" nameFrom="deploy/workspace/cp6607_project_and_hmi_demo/images/library.jpg"/>
  <file version="" checksum="3155290018" nameTo="deploy/workspace/cp6607_project_and_hmi_demo/images/multilanguage.jpg" nameFrom="deploy/workspace/cp6607_project_and_hmi_demo/images/multilanguage.jpg"/>
  <file version="" checksum="1132012926" nameTo="deploy/workspace/cp6607_project_and_hmi_demo/images/printer.jpg" nameFrom="deploy/workspace/cp6607_project_and_hmi_demo/images/printer.jpg"/>
  <file version="" checksum="2375003779" nameTo="deploy/workspace/cp6607_project_and_hmi_demo/images/recipes.jpg" nameFrom="deploy/workspace/cp6607_project_and_hmi_demo/images/recipes.jpg"/>
  <file version="" checksum="538276111" nameTo="deploy/workspace/cp6607_project_and_hmi_demo/images/reuters.jpg" nameFrom="deploy/workspace/cp6607_project_and_hmi_demo/images/reuters.jpg"/>
  <file version="" checksum="1205746135" nameTo="deploy/workspace/cp6607_project_and_hmi_demo/images/s500-s_small.bmp" nameFrom="deploy/workspace/cp6607_project_and_hmi_demo/images/s500-s_small.bmp"/>
  <file version="" checksum="124971538" nameTo="deploy/workspace/cp6607_project_and_hmi_demo/images/s500-xc_small.bmp" nameFrom="deploy/workspace/cp6607_project_and_hmi_demo/images/s500-xc_small.bmp"/>
  <file version="" checksum="1555100536" nameTo="deploy/workspace/cp6607_project_and_hmi_demo/images/s500-eco_small.bmp" nameFrom="deploy/workspace/cp6607_project_and_hmi_demo/images/s500-eco_small.bmp"/>
  <file version="" checksum="733418434" nameTo="deploy/workspace/cp6607_project_and_hmi_demo/images/s500_small.bmp" nameFrom="deploy/workspace/cp6607_project_and_hmi_demo/images/s500_small.bmp"/>
  <file version="" checksum="1169974372" nameTo="deploy/workspace/cp6607_project_and_hmi_demo/images/schedule.jpg" nameFrom="deploy/workspace/cp6607_project_and_hmi_demo/images/schedule.jpg"/>
  <file version="" checksum="4157053891" nameTo="deploy/workspace/cp6607_project_and_hmi_demo/images/trend_real.jpg" nameFrom="deploy/workspace/cp6607_project_and_hmi_demo/images/trend_real.jpg"/>
  <file version="" checksum="3316653681" nameTo="deploy/workspace/cp6607_project_and_hmi_demo/images/ui_adduser_24.png" nameFrom="deploy/workspace/cp6607_project_and_hmi_demo/images/ui_adduser_24.png"/>
  <file version="" checksum="1483625391" nameTo="deploy/workspace/cp6607_project_and_hmi_demo/images/ui_calculator_24.png" nameFrom="deploy/workspace/cp6607_project_and_hmi_demo/images/ui_calculator_24.png"/>
  <file version="" checksum="410000707" nameTo="deploy/workspace/cp6607_project_and_hmi_demo/images/ui_close_24.png" nameFrom="deploy/workspace/cp6607_project_and_hmi_demo/images/ui_close_24.png"/>
  <file version="" checksum="858186332" nameTo="deploy/workspace/cp6607_project_and_hmi_demo/images/ui_copy_24.png" nameFrom="deploy/workspace/cp6607_project_and_hmi_demo/images/ui_copy_24.png"/>
  <file version="" checksum="332666657" nameTo="deploy/workspace/cp6607_project_and_hmi_demo/images/ui_deluser_24.png" nameFrom="deploy/workspace/cp6607_project_and_hmi_demo/images/ui_deluser_24.png"/>
  <file version="" checksum="1308328785" nameTo="deploy/workspace/cp6607_project_and_hmi_demo/images/ui_group_24.png" nameFrom="deploy/workspace/cp6607_project_and_hmi_demo/images/ui_group_24.png"/>
  <file version="" checksum="1260087010" nameTo="deploy/workspace/cp6607_project_and_hmi_demo/images/ui_home_20.png" nameFrom="deploy/workspace/cp6607_project_and_hmi_demo/images/ui_home_20.png"/>
  <file version="" checksum="2427960112" nameTo="deploy/workspace/cp6607_project_and_hmi_demo/images/ui_informationcircle2_24.png" nameFrom="deploy/workspace/cp6607_project_and_hmi_demo/images/ui_informationcircle2_24.png"/>
  <file version="" checksum="2750135774" nameTo="deploy/workspace/cp6607_project_and_hmi_demo/images/ui_key_24.png" nameFrom="deploy/workspace/cp6607_project_and_hmi_demo/images/ui_key_24.png"/>
  <file version="" checksum="1467048914" nameTo="deploy/workspace/cp6607_project_and_hmi_demo/images/ui_leftarrow_24.png" nameFrom="deploy/workspace/cp6607_project_and_hmi_demo/images/ui_leftarrow_24.png"/>
  <file version="" checksum="303027345" nameTo="deploy/workspace/cp6607_project_and_hmi_demo/images/ui_left_20.png" nameFrom="deploy/workspace/cp6607_project_and_hmi_demo/images/ui_left_20.png"/>
  <file version="" checksum="4208718923" nameTo="deploy/workspace/cp6607_project_and_hmi_demo/images/ui_network_24.png" nameFrom="deploy/workspace/cp6607_project_and_hmi_demo/images/ui_network_24.png"/>
  <file version="" checksum="126533699" nameTo="deploy/workspace/cp6607_project_and_hmi_demo/images/ui_refresh_24.png" nameFrom="deploy/workspace/cp6607_project_and_hmi_demo/images/ui_refresh_24.png"/>
  <file version="" checksum="1267393713" nameTo="deploy/workspace/cp6607_project_and_hmi_demo/images/ui_reports_24.png" nameFrom="deploy/workspace/cp6607_project_and_hmi_demo/images/ui_reports_24.png"/>
  <file version="" checksum="1797450931" nameTo="deploy/workspace/cp6607_project_and_hmi_demo/images/ui_rightarrow_24.png" nameFrom="deploy/workspace/cp6607_project_and_hmi_demo/images/ui_rightarrow_24.png"/>
  <file version="" checksum="1925346084" nameTo="deploy/workspace/cp6607_project_and_hmi_demo/images/ui_right_20.png" nameFrom="deploy/workspace/cp6607_project_and_hmi_demo/images/ui_right_20.png"/>
  <file version="" checksum="1718190330" nameTo="deploy/workspace/cp6607_project_and_hmi_demo/images/ui_trash_24.png" nameFrom="deploy/workspace/cp6607_project_and_hmi_demo/images/ui_trash_24.png"/>
  <file version="" checksum="3184730583" nameTo="deploy/workspace/cp6607_project_and_hmi_demo/images/user_1.jpg" nameFrom="deploy/workspace/cp6607_project_and_hmi_demo/images/user_1.jpg"/>
  <file version="" checksum="2097282389" nameTo="deploy/workspace/cp6607_project_and_hmi_demo/images/user_2.jpg" nameFrom="deploy/workspace/cp6607_project_and_hmi_demo/images/user_2.jpg"/>
  <file version="" checksum="2568926974" nameTo="deploy/workspace/cp6607_project_and_hmi_demo/images/user_3.jpg" nameFrom="deploy/workspace/cp6607_project_and_hmi_demo/images/user_3.jpg"/>
  <file version="" checksum="2091210456" nameTo="deploy/workspace/cp6607_project_and_hmi_demo/images/ack.png" nameFrom="deploy/workspace/cp6607_project_and_hmi_demo/images/ack.png"/>
  <file version="" checksum="4112495591" nameTo="deploy/workspace/cp6607_project_and_hmi_demo/images/action.png" nameFrom="deploy/workspace/cp6607_project_and_hmi_demo/images/action.png"/>
  <file version="" checksum="3884583460" nameTo="deploy/workspace/cp6607_project_and_hmi_demo/images/frame_rect_chrome.svg" nameFrom="deploy/workspace/cp6607_project_and_hmi_demo/images/frame_rect_chrome.svg"/>
  <file version="" checksum="643908840" nameTo="deploy/workspace/cp6607_project_and_hmi_demo/images/frame_round_chrome.svg" nameFrom="deploy/workspace/cp6607_project_and_hmi_demo/images/frame_round_chrome.svg"/>
  <file version="" checksum="2468888558" nameTo="deploy/workspace/cp6607_project_and_hmi_demo/images/frame_rrect_chrome.svg" nameFrom="deploy/workspace/cp6607_project_and_hmi_demo/images/frame_rrect_chrome.svg"/>
  <file version="" checksum="2260650199" nameTo="deploy/workspace/cp6607_project_and_hmi_demo/images/gau_center_blk2.svg" nameFrom="deploy/workspace/cp6607_project_and_hmi_demo/images/gau_center_blk2.svg"/>
  <file version="" checksum="3143598235" nameTo="deploy/workspace/cp6607_project_and_hmi_demo/images/gau_rrect3_chrome_rev1.svg" nameFrom="deploy/workspace/cp6607_project_and_hmi_demo/images/gau_rrect3_chrome_rev1.svg"/>
  <file version="" checksum="1656918980" nameTo="deploy/workspace/cp6607_project_and_hmi_demo/images/glass.svg" nameFrom="deploy/workspace/cp6607_project_and_hmi_demo/images/glass.svg"/>
  <file version="" checksum="1478932390" nameTo="deploy/workspace/cp6607_project_and_hmi_demo/images/hgau_rrect1_chrome.svg" nameFrom="deploy/workspace/cp6607_project_and_hmi_demo/images/hgau_rrect1_chrome.svg"/>
  <file version="" checksum="1977221585" nameTo="deploy/workspace/cp6607_project_and_hmi_demo/images/hslbk_rrect1_metal.svg" nameFrom="deploy/workspace/cp6607_project_and_hmi_demo/images/hslbk_rrect1_metal.svg"/>
  <file version="" checksum="505054146" nameTo="deploy/workspace/cp6607_project_and_hmi_demo/images/hslbk_thin_none_rev1.svg" nameFrom="deploy/workspace/cp6607_project_and_hmi_demo/images/hslbk_thin_none_rev1.svg"/>
  <file version="" checksum="1501429524" nameTo="deploy/workspace/cp6607_project_and_hmi_demo/images/hthmb_blkpl_rect_2_rev1.svg" nameFrom="deploy/workspace/cp6607_project_and_hmi_demo/images/hthmb_blkpl_rect_2_rev1.svg"/>
  <file version="" checksum="3728109657" nameTo="deploy/workspace/cp6607_project_and_hmi_demo/images/hthmb_whpl_rect_1_rev2.svg" nameFrom="deploy/workspace/cp6607_project_and_hmi_demo/images/hthmb_whpl_rect_1_rev2.svg"/>
  <file version="" checksum="4068758984" nameTo="deploy/workspace/cp6607_project_and_hmi_demo/images/iphonex_small.png" nameFrom="deploy/workspace/cp6607_project_and_hmi_demo/images/iphonex_small.png"/>
  <file version="" checksum="1170996485" nameTo="deploy/workspace/cp6607_project_and_hmi_demo/images/ic_au1_001.svg" nameFrom="deploy/workspace/cp6607_project_and_hmi_demo/images/ic_au1_001.svg"/>
  <file version="" checksum="161032781" nameTo="deploy/workspace/cp6607_project_and_hmi_demo/images/ic_au2_076.svg" nameFrom="deploy/workspace/cp6607_project_and_hmi_demo/images/ic_au2_076.svg"/>
  <file version="" checksum="2343283084" nameTo="deploy/workspace/cp6607_project_and_hmi_demo/images/ic_ma1_022.svg" nameFrom="deploy/workspace/cp6607_project_and_hmi_demo/images/ic_ma1_022.svg"/>
  <file version="" checksum="2269849371" nameTo="deploy/workspace/cp6607_project_and_hmi_demo/images/ic_pl1_004.svg" nameFrom="deploy/workspace/cp6607_project_and_hmi_demo/images/ic_pl1_004.svg"/>
  <file version="" checksum="2659704621" nameTo="deploy/workspace/cp6607_project_and_hmi_demo/images/ic_pl1_020.svg" nameFrom="deploy/workspace/cp6607_project_and_hmi_demo/images/ic_pl1_020.svg"/>
  <file version="" checksum="1939302081" nameTo="deploy/workspace/cp6607_project_and_hmi_demo/images/ic_pl1_021.svg" nameFrom="deploy/workspace/cp6607_project_and_hmi_demo/images/ic_pl1_021.svg"/>
  <file version="" checksum="2663785472" nameTo="deploy/workspace/cp6607_project_and_hmi_demo/images/ic_pl1_034.svg" nameFrom="deploy/workspace/cp6607_project_and_hmi_demo/images/ic_pl1_034.svg"/>
  <file version="" checksum="444973214" nameTo="deploy/workspace/cp6607_project_and_hmi_demo/images/ic_pl1_035.svg" nameFrom="deploy/workspace/cp6607_project_and_hmi_demo/images/ic_pl1_035.svg"/>
  <file version="" checksum="3167104972" nameTo="deploy/workspace/cp6607_project_and_hmi_demo/images/ic_pl1_125.svg" nameFrom="deploy/workspace/cp6607_project_and_hmi_demo/images/ic_pl1_125.svg"/>
  <file version="" checksum="3145041741" nameTo="deploy/workspace/cp6607_project_and_hmi_demo/images/knob_chrome_4.svg" nameFrom="deploy/workspace/cp6607_project_and_hmi_demo/images/knob_chrome_4.svg"/>
  <file version="" checksum="3450992300" nameTo="deploy/workspace/cp6607_project_and_hmi_demo/images/li_round_shiney1_rev2.svg" nameFrom="deploy/workspace/cp6607_project_and_hmi_demo/images/li_round_shiney1_rev2.svg"/>
  <file version="" checksum="1485791169" nameTo="deploy/workspace/cp6607_project_and_hmi_demo/images/li_shape_rect.svg" nameFrom="deploy/workspace/cp6607_project_and_hmi_demo/images/li_shape_rect.svg"/>
  <file version="" checksum="2678254246" nameTo="deploy/workspace/cp6607_project_and_hmi_demo/images/ne_2line_1.svg" nameFrom="deploy/workspace/cp6607_project_and_hmi_demo/images/ne_2line_1.svg"/>
  <file version="" checksum="1030259670" nameTo="deploy/workspace/cp6607_project_and_hmi_demo/images/ne_pointed_horiz.svg" nameFrom="deploy/workspace/cp6607_project_and_hmi_demo/images/ne_pointed_horiz.svg"/>
  <file version="" checksum="1990022658" nameTo="deploy/workspace/cp6607_project_and_hmi_demo/images/users2.png" nameFrom="deploy/workspace/cp6607_project_and_hmi_demo/images/users2.png"/>
  <file version="" checksum="2638327212" nameTo="deploy/workspace/cp6607_project_and_hmi_demo/images/abb_pic_01.jpg" nameFrom="deploy/workspace/cp6607_project_and_hmi_demo/images/abb_pic_01.jpg"/>
  <file version="" checksum="3016999481" nameTo="deploy/workspace/cp6607_project_and_hmi_demo/images/abb_pic_02.jpg" nameFrom="deploy/workspace/cp6607_project_and_hmi_demo/images/abb_pic_02.jpg"/>
  <file version="" checksum="525216865" nameTo="deploy/workspace/cp6607_project_and_hmi_demo/images/abb_pic_03.jpg" nameFrom="deploy/workspace/cp6607_project_and_hmi_demo/images/abb_pic_03.jpg"/>
  <file version="" checksum="1138760840" nameTo="deploy/workspace/cp6607_project_and_hmi_demo/images/abb_pic_04.jpg" nameFrom="deploy/workspace/cp6607_project_and_hmi_demo/images/abb_pic_04.jpg"/>
  <file version="" checksum="2420639045" nameTo="deploy/workspace/cp6607_project_and_hmi_demo/images/abb_pic_05.jpg" nameFrom="deploy/workspace/cp6607_project_and_hmi_demo/images/abb_pic_05.jpg"/>
  <file version="" checksum="2929109983" nameTo="deploy/workspace/cp6607_project_and_hmi_demo/images/abb_pic_06.jpg" nameFrom="deploy/workspace/cp6607_project_and_hmi_demo/images/abb_pic_06.jpg"/>
  <file version="" checksum="3814568831" nameTo="deploy/workspace/cp6607_project_and_hmi_demo/images/abb_pic_07.jpg" nameFrom="deploy/workspace/cp6607_project_and_hmi_demo/images/abb_pic_07.jpg"/>
  <file version="" checksum="1717024538" nameTo="deploy/workspace/cp6607_project_and_hmi_demo/images/abb_pic_08.jpg" nameFrom="deploy/workspace/cp6607_project_and_hmi_demo/images/abb_pic_08.jpg"/>
  <file version="" checksum="3959795178" nameTo="deploy/workspace/cp6607_project_and_hmi_demo/images/abb_pic_09.jpg" nameFrom="deploy/workspace/cp6607_project_and_hmi_demo/images/abb_pic_09.jpg"/>
  <file version="" checksum="4227151557" nameTo="deploy/workspace/cp6607_project_and_hmi_demo/images/abb_pic_10.jpg" nameFrom="deploy/workspace/cp6607_project_and_hmi_demo/images/abb_pic_10.jpg"/>
  <file version="" checksum="3007287165" nameTo="deploy/workspace/cp6607_project_and_hmi_demo/images/arrowleft_down_40x40.png" nameFrom="deploy/workspace/cp6607_project_and_hmi_demo/images/arrowleft_down_40x40.png"/>
  <file version="" checksum="2096147634" nameTo="deploy/workspace/cp6607_project_and_hmi_demo/images/arrowleft_up_40x40.png" nameFrom="deploy/workspace/cp6607_project_and_hmi_demo/images/arrowleft_up_40x40.png"/>
  <file version="" checksum="710254121" nameTo="deploy/workspace/cp6607_project_and_hmi_demo/images/arrowright_down_40x40.png" nameFrom="deploy/workspace/cp6607_project_and_hmi_demo/images/arrowright_down_40x40.png"/>
  <file version="" checksum="1479922751" nameTo="deploy/workspace/cp6607_project_and_hmi_demo/images/arrowright_up_40x40.png" nameFrom="deploy/workspace/cp6607_project_and_hmi_demo/images/arrowright_up_40x40.png"/>
  <file version="" checksum="550393677" nameTo="deploy/workspace/cp6607_project_and_hmi_demo/images/button_down_120x50.png" nameFrom="deploy/workspace/cp6607_project_and_hmi_demo/images/button_down_120x50.png"/>
  <file version="" checksum="2100649458" nameTo="deploy/workspace/cp6607_project_and_hmi_demo/images/button_up_120x50.png" nameFrom="deploy/workspace/cp6607_project_and_hmi_demo/images/button_up_120x50.png"/>
  <file version="" checksum="4023273939" nameTo="deploy/workspace/cp6607_project_and_hmi_demo/images/file_copy.jpg" nameFrom="deploy/workspace/cp6607_project_and_hmi_demo/images/file_copy.jpg"/>
  <file version="" checksum="3667709192" nameTo="deploy/workspace/cp6607_project_and_hmi_demo/images/file_delete.jpg" nameFrom="deploy/workspace/cp6607_project_and_hmi_demo/images/file_delete.jpg"/>
  <file version="" checksum="3658277080" nameTo="deploy/workspace/cp6607_project_and_hmi_demo/images/file_reload.jpg" nameFrom="deploy/workspace/cp6607_project_and_hmi_demo/images/file_reload.jpg"/>
  <file version="" checksum="2265234680" nameTo="deploy/workspace/cp6607_project_and_hmi_demo/images/gesture_ack1.png" nameFrom="deploy/workspace/cp6607_project_and_hmi_demo/images/gesture_ack1.png"/>
  <file version="" checksum="3949846707" nameTo="deploy/workspace/cp6607_project_and_hmi_demo/images/gesture_ack2.png" nameFrom="deploy/workspace/cp6607_project_and_hmi_demo/images/gesture_ack2.png"/>
  <file version="" checksum="1021306535" nameTo="deploy/workspace/cp6607_project_and_hmi_demo/images/gesture_ack3.png" nameFrom="deploy/workspace/cp6607_project_and_hmi_demo/images/gesture_ack3.png"/>
  <file version="" checksum="3754260692" nameTo="deploy/workspace/cp6607_project_and_hmi_demo/images/js_drop.jpg" nameFrom="deploy/workspace/cp6607_project_and_hmi_demo/images/js_drop.jpg"/>
  <file version="" checksum="343672851" nameTo="deploy/workspace/cp6607_project_and_hmi_demo/images/js_move.jpg" nameFrom="deploy/workspace/cp6607_project_and_hmi_demo/images/js_move.jpg"/>
  <file version="" checksum="1129108988" nameTo="deploy/workspace/cp6607_project_and_hmi_demo/images/js_swap.jpg" nameFrom="deploy/workspace/cp6607_project_and_hmi_demo/images/js_swap.jpg"/>
  <file version="" checksum="167112292" nameTo="deploy/workspace/cp6607_project_and_hmi_demo/images/knobs_w_buttons_button_a.svg" nameFrom="deploy/workspace/cp6607_project_and_hmi_demo/images/knobs_w_buttons_button_a.svg"/>
  <file version="" checksum="4057941527" nameTo="deploy/workspace/cp6607_project_and_hmi_demo/images/knobs_w_buttons_button_b.svg" nameFrom="deploy/workspace/cp6607_project_and_hmi_demo/images/knobs_w_buttons_button_b.svg"/>
  <file version="" checksum="2729120242" nameTo="deploy/workspace/cp6607_project_and_hmi_demo/images/table_datasource.jpg" nameFrom="deploy/workspace/cp6607_project_and_hmi_demo/images/table_datasource.jpg"/>
  <file version="" checksum="1041512078" nameTo="deploy/workspace/cp6607_project_and_hmi_demo/images/table_javascript.jpg" nameFrom="deploy/workspace/cp6607_project_and_hmi_demo/images/table_javascript.jpg"/>
  <file version="" checksum="383846603" nameTo="deploy/workspace/cp6607_project_and_hmi_demo/images/trend_his_1.jpg" nameFrom="deploy/workspace/cp6607_project_and_hmi_demo/images/trend_his_1.jpg"/>
  <file version="" checksum="3872031311" nameTo="deploy/workspace/cp6607_project_and_hmi_demo/images/trend_his_2.jpg" nameFrom="deploy/workspace/cp6607_project_and_hmi_demo/images/trend_his_2.jpg"/>
  <file version="" checksum="2717344821" nameTo="deploy/workspace/cp6607_project_and_hmi_demo/images/trend_his_3.jpg" nameFrom="deploy/workspace/cp6607_project_and_hmi_demo/images/trend_his_3.jpg"/>
  <file version="" checksum="606402427" nameTo="deploy/workspace/cp6607_project_and_hmi_demo/images/btn_gray_down_rev1.svg" nameFrom="deploy/workspace/cp6607_project_and_hmi_demo/images/btn_gray_down_rev1.svg"/>
  <file version="" checksum="147819138" nameTo="deploy/workspace/cp6607_project_and_hmi_demo/images/btn_gray_up_rev1.svg" nameFrom="deploy/workspace/cp6607_project_and_hmi_demo/images/btn_gray_up_rev1.svg"/>
  <file version="" checksum="3633125313" nameTo="deploy/workspace/cp6607_project_and_hmi_demo/images/btn_plastic_rect_1.svg" nameFrom="deploy/workspace/cp6607_project_and_hmi_demo/images/btn_plastic_rect_1.svg"/>
  <file version="" checksum="1203672740" nameTo="deploy/workspace/cp6607_project_and_hmi_demo/images/btn_plastic_rect_2_rev2.svg" nameFrom="deploy/workspace/cp6607_project_and_hmi_demo/images/btn_plastic_rect_2_rev2.svg"/>
  <file version="" checksum="3211333669" nameTo="deploy/workspace/cp6607_project_and_hmi_demo/images/btn_shiney_round_1.svg" nameFrom="deploy/workspace/cp6607_project_and_hmi_demo/images/btn_shiney_round_1.svg"/>
  <file version="" checksum="2071484503" nameTo="deploy/workspace/cp6607_project_and_hmi_demo/images/btn_shiney_round_2.svg" nameFrom="deploy/workspace/cp6607_project_and_hmi_demo/images/btn_shiney_round_2.svg"/>
  <file version="" checksum="86259350" nameTo="deploy/workspace/cp6607_project_and_hmi_demo/images/btn_shiney_rrect_1.svg" nameFrom="deploy/workspace/cp6607_project_and_hmi_demo/images/btn_shiney_rrect_1.svg"/>
  <file version="" checksum="2847880448" nameTo="deploy/workspace/cp6607_project_and_hmi_demo/images/btn_shiney_rrect_2_rev2.svg" nameFrom="deploy/workspace/cp6607_project_and_hmi_demo/images/btn_shiney_rrect_2_rev2.svg"/>
  <file version="" checksum="1701741266" nameTo="deploy/workspace/cp6607_project_and_hmi_demo/images/ic_flag_rect_chn_rev1.svg" nameFrom="deploy/workspace/cp6607_project_and_hmi_demo/images/ic_flag_rect_chn_rev1.svg"/>
  <file version="" checksum="302667496" nameTo="deploy/workspace/cp6607_project_and_hmi_demo/images/ic_flag_rect_deu_rev1.svg" nameFrom="deploy/workspace/cp6607_project_and_hmi_demo/images/ic_flag_rect_deu_rev1.svg"/>
  <file version="" checksum="3975339443" nameTo="deploy/workspace/cp6607_project_and_hmi_demo/images/ic_flag_rect_esp_rev1.svg" nameFrom="deploy/workspace/cp6607_project_and_hmi_demo/images/ic_flag_rect_esp_rev1.svg"/>
  <file version="" checksum="536971108" nameTo="deploy/workspace/cp6607_project_and_hmi_demo/images/ic_flag_rect_fra_rev1.svg" nameFrom="deploy/workspace/cp6607_project_and_hmi_demo/images/ic_flag_rect_fra_rev1.svg"/>
  <file version="" checksum="293063753" nameTo="deploy/workspace/cp6607_project_and_hmi_demo/images/ic_flag_rect_grc_rev1.svg" nameFrom="deploy/workspace/cp6607_project_and_hmi_demo/images/ic_flag_rect_grc_rev1.svg"/>
  <file version="" checksum="4204055464" nameTo="deploy/workspace/cp6607_project_and_hmi_demo/images/ic_flag_rect_ita_rev1.svg" nameFrom="deploy/workspace/cp6607_project_and_hmi_demo/images/ic_flag_rect_ita_rev1.svg"/>
  <file version="" checksum="3423329328" nameTo="deploy/workspace/cp6607_project_and_hmi_demo/images/ic_flag_rect_rus_rev1.svg" nameFrom="deploy/workspace/cp6607_project_and_hmi_demo/images/ic_flag_rect_rus_rev1.svg"/>
  <file version="" checksum="2962479934" nameTo="deploy/workspace/cp6607_project_and_hmi_demo/images/ic_flag_rect_usa_rev1.svg" nameFrom="deploy/workspace/cp6607_project_and_hmi_demo/images/ic_flag_rect_usa_rev1.svg"/>
  <file version="" checksum="2022027012" nameTo="deploy/workspace/cp6607_project_and_hmi_demo/images/win-like-press.svg" nameFrom="deploy/workspace/cp6607_project_and_hmi_demo/images/win-like-press.svg"/>
  <file version="" checksum="328612952" nameTo="deploy/workspace/cp6607_project_and_hmi_demo/images/win-like.svg" nameFrom="deploy/workspace/cp6607_project_and_hmi_demo/images/win-like.svg"/>
  <file version="" checksum="676714621" nameTo="deploy/workspace/cp6607_project_and_hmi_demo/ipcamera.jmxb" nameFrom="deploy/workspace/cp6607_project_and_hmi_demo/ipcamera.jmxb"/>
  <file version="" checksum="2626965518" nameTo="deploy/workspace/cp6607_project_and_hmi_demo/javascript.jmxb" nameFrom="deploy/workspace/cp6607_project_and_hmi_demo/javascript.jmxb"/>
  <file version="" checksum="2555875290" nameTo="deploy/workspace/cp6607_project_and_hmi_demo/javascript.js" nameFrom="deploy/workspace/cp6607_project_and_hmi_demo/javascript.js"/>
  <file version="" checksum="1483625391" nameTo="deploy/workspace/cp6607_project_and_hmi_demo/keypads/images/ui_calculator_24.png" nameFrom="deploy/workspace/cp6607_project_and_hmi_demo/keypads/images/ui_calculator_24.png"/>
  <file version="" checksum="2314946503" nameTo="deploy/workspace/cp6607_project_and_hmi_demo/keypads/images/ui_downarrow_24.png" nameFrom="deploy/workspace/cp6607_project_and_hmi_demo/keypads/images/ui_downarrow_24.png"/>
  <file version="" checksum="1467048914" nameTo="deploy/workspace/cp6607_project_and_hmi_demo/keypads/images/ui_leftarrow_24.png" nameFrom="deploy/workspace/cp6607_project_and_hmi_demo/keypads/images/ui_leftarrow_24.png"/>
  <file version="" checksum="1797450931" nameTo="deploy/workspace/cp6607_project_and_hmi_demo/keypads/images/ui_rightarrow_24.png" nameFrom="deploy/workspace/cp6607_project_and_hmi_demo/keypads/images/ui_rightarrow_24.png"/>
  <file version="" checksum="1936122944" nameTo="deploy/workspace/cp6607_project_and_hmi_demo/keypads/images/ui_uparrow_24.png" nameFrom="deploy/workspace/cp6607_project_and_hmi_demo/keypads/images/ui_uparrow_24.png"/>
  <file version="" checksum="3968971803" nameTo="deploy/workspace/cp6607_project_and_hmi_demo/keypads/images/btn_kbdwht_long_1_rev1.svg" nameFrom="deploy/workspace/cp6607_project_and_hmi_demo/keypads/images/btn_kbdwht_long_1_rev1.svg"/>
  <file version="" checksum="1722763103" nameTo="deploy/workspace/cp6607_project_and_hmi_demo/keypads/images/btn_kbdwht_long_2_rev1.svg" nameFrom="deploy/workspace/cp6607_project_and_hmi_demo/keypads/images/btn_kbdwht_long_2_rev1.svg"/>
  <file version="" checksum="332986314" nameTo="deploy/workspace/cp6607_project_and_hmi_demo/keypads/images/btn_kbdwht_std_1_rev1.svg" nameFrom="deploy/workspace/cp6607_project_and_hmi_demo/keypads/images/btn_kbdwht_std_1_rev1.svg"/>
  <file version="" checksum="2985912331" nameTo="deploy/workspace/cp6607_project_and_hmi_demo/keypads/images/btn_kbdwht_std_2_rev1.svg" nameFrom="deploy/workspace/cp6607_project_and_hmi_demo/keypads/images/btn_kbdwht_std_2_rev1.svg"/>
  <file version="" checksum="824005101" nameTo="deploy/workspace/cp6607_project_and_hmi_demo/keypads/images/btn_kbdwht_wide_1_rev1.svg" nameFrom="deploy/workspace/cp6607_project_and_hmi_demo/keypads/images/btn_kbdwht_wide_1_rev1.svg"/>
  <file version="" checksum="3507856083" nameTo="deploy/workspace/cp6607_project_and_hmi_demo/keypads/images/btn_kbdwht_wide_2_rev1.svg" nameFrom="deploy/workspace/cp6607_project_and_hmi_demo/keypads/images/btn_kbdwht_wide_2_rev1.svg"/>
  <file version="" checksum="4157133006" nameTo="deploy/workspace/cp6607_project_and_hmi_demo/keypads/images/ic_cn2_03.svg" nameFrom="deploy/workspace/cp6607_project_and_hmi_demo/keypads/images/ic_cn2_03.svg"/>
  <file version="" checksum="3463524887" nameTo="deploy/workspace/cp6607_project_and_hmi_demo/keypads/images/ic_pl2_114.svg" nameFrom="deploy/workspace/cp6607_project_and_hmi_demo/keypads/images/ic_pl2_114.svg"/>
  <file version="" checksum="3677877904" nameTo="deploy/workspace/cp6607_project_and_hmi_demo/keypads/images/ic_pl2_115.svg" nameFrom="deploy/workspace/cp6607_project_and_hmi_demo/keypads/images/ic_pl2_115.svg"/>
  <file version="" checksum="2326876937" nameTo="deploy/workspace/cp6607_project_and_hmi_demo/keypads/images/numeric_key_down.png" nameFrom="deploy/workspace/cp6607_project_and_hmi_demo/keypads/images/numeric_key_down.png"/>
  <file version="" checksum="2507838165" nameTo="deploy/workspace/cp6607_project_and_hmi_demo/keypads/images/numeric_key_up.png" nameFrom="deploy/workspace/cp6607_project_and_hmi_demo/keypads/images/numeric_key_up.png"/>
  <file version="" checksum="3968971803" nameTo="deploy/workspace/cp6607_project_and_hmi_demo/keypads/images/btn_kbdwht_long_1_rev1.svg" nameFrom="deploy/workspace/cp6607_project_and_hmi_demo/keypads/images/btn_kbdwht_long_1_rev1.svg"/>
  <file version="" checksum="1722763103" nameTo="deploy/workspace/cp6607_project_and_hmi_demo/keypads/images/btn_kbdwht_long_2_rev1.svg" nameFrom="deploy/workspace/cp6607_project_and_hmi_demo/keypads/images/btn_kbdwht_long_2_rev1.svg"/>
  <file version="" checksum="3492930041" nameTo="deploy/workspace/cp6607_project_and_hmi_demo/keypads/alphabet.jmx" nameFrom="deploy/workspace/cp6607_project_and_hmi_demo/keypads/alphabet.jmx"/>
  <file version="" checksum="64248185" nameTo="deploy/workspace/cp6607_project_and_hmi_demo/keypads/calendar.jmx" nameFrom="deploy/workspace/cp6607_project_and_hmi_demo/keypads/calendar.jmx"/>
  <file version="" checksum="2588270756" nameTo="deploy/workspace/cp6607_project_and_hmi_demo/keypads/numeric.jmx" nameFrom="deploy/workspace/cp6607_project_and_hmi_demo/keypads/numeric.jmx"/>
  <file version="" checksum="2111193162" nameTo="deploy/workspace/cp6607_project_and_hmi_demo/language.jmxb" nameFrom="deploy/workspace/cp6607_project_and_hmi_demo/language.jmxb"/>
  <file version="" checksum="3070977770" nameTo="deploy/workspace/cp6607_project_and_hmi_demo/network.jmxb" nameFrom="deploy/workspace/cp6607_project_and_hmi_demo/network.jmxb"/>
  <file version="" checksum="2875334740" nameTo="deploy/workspace/cp6607_project_and_hmi_demo/opt/ac500_v3groupwgt2.gauhrz.png" nameFrom="deploy/workspace/cp6607_project_and_hmi_demo/opt/ac500_v3groupwgt2.gauhrz.png"/>
  <file version="" checksum="4226265775" nameTo="deploy/workspace/cp6607_project_and_hmi_demo/opt/ac500_v3groupwgt2.gaurnd8.png" nameFrom="deploy/workspace/cp6607_project_and_hmi_demo/opt/ac500_v3groupwgt2.gaurnd8.png"/>
  <file version="" checksum="4040540783" nameTo="deploy/workspace/cp6607_project_and_hmi_demo/opt/ac500_v3.png" nameFrom="deploy/workspace/cp6607_project_and_hmi_demo/opt/ac500_v3.png"/>
  <file version="" checksum="3187549101" nameTo="deploy/workspace/cp6607_project_and_hmi_demo/opt/background.png" nameFrom="deploy/workspace/cp6607_project_and_hmi_demo/opt/background.png"/>
  <file version="" checksum="3107604753" nameTo="deploy/workspace/cp6607_project_and_hmi_demo/opt/email.png" nameFrom="deploy/workspace/cp6607_project_and_hmi_demo/opt/email.png"/>
  <file version="" checksum="1341103545" nameTo="deploy/workspace/cp6607_project_and_hmi_demo/opt/filebrowser.png" nameFrom="deploy/workspace/cp6607_project_and_hmi_demo/opt/filebrowser.png"/>
  <file version="" checksum="4070963173" nameTo="deploy/workspace/cp6607_project_and_hmi_demo/opt/help_alarm_banner.png" nameFrom="deploy/workspace/cp6607_project_and_hmi_demo/opt/help_alarm_banner.png"/>
  <file version="" checksum="3610798454" nameTo="deploy/workspace/cp6607_project_and_hmi_demo/opt/help_alarm_simulation.png" nameFrom="deploy/workspace/cp6607_project_and_hmi_demo/opt/help_alarm_simulation.png"/>
  <file version="" checksum="3543217508" nameTo="deploy/workspace/cp6607_project_and_hmi_demo/opt/help_email.png" nameFrom="deploy/workspace/cp6607_project_and_hmi_demo/opt/help_email.png"/>
  <file version="" checksum="2087045971" nameTo="deploy/workspace/cp6607_project_and_hmi_demo/opt/help_filebrowser.png" nameFrom="deploy/workspace/cp6607_project_and_hmi_demo/opt/help_filebrowser.png"/>
  <file version="" checksum="3922288852" nameTo="deploy/workspace/cp6607_project_and_hmi_demo/opt/help_gestures_pinch.png" nameFrom="deploy/workspace/cp6607_project_and_hmi_demo/opt/help_gestures_pinch.png"/>
  <file version="" checksum="3074117462" nameTo="deploy/workspace/cp6607_project_and_hmi_demo/opt/help_gestures_security.png" nameFrom="deploy/workspace/cp6607_project_and_hmi_demo/opt/help_gestures_security.png"/>
  <file version="" checksum="2148636731" nameTo="deploy/workspace/cp6607_project_and_hmi_demo/opt/help_gestures_swipe.png" nameFrom="deploy/workspace/cp6607_project_and_hmi_demo/opt/help_gestures_swipe.png"/>
  <file version="" checksum="1805161966" nameTo="deploy/workspace/cp6607_project_and_hmi_demo/opt/help_ipcamera.png" nameFrom="deploy/workspace/cp6607_project_and_hmi_demo/opt/help_ipcamera.png"/>
  <file version="" checksum="2087045971" nameTo="deploy/workspace/cp6607_project_and_hmi_demo/opt/help_javascript.png" nameFrom="deploy/workspace/cp6607_project_and_hmi_demo/opt/help_javascript.png"/>
  <file version="" checksum="1433033350" nameTo="deploy/workspace/cp6607_project_and_hmi_demo/opt/help_multilanguage.png" nameFrom="deploy/workspace/cp6607_project_and_hmi_demo/opt/help_multilanguage.png"/>
  <file version="" checksum="1228854562" nameTo="deploy/workspace/cp6607_project_and_hmi_demo/opt/help_recipes.png" nameFrom="deploy/workspace/cp6607_project_and_hmi_demo/opt/help_recipes.png"/>
  <file version="" checksum="3364623410" nameTo="deploy/workspace/cp6607_project_and_hmi_demo/opt/help_report.png" nameFrom="deploy/workspace/cp6607_project_and_hmi_demo/opt/help_report.png"/>
  <file version="" checksum="167467403" nameTo="deploy/workspace/cp6607_project_and_hmi_demo/opt/help_scheduler.png" nameFrom="deploy/workspace/cp6607_project_and_hmi_demo/opt/help_scheduler.png"/>
  <file version="" checksum="2087045971" nameTo="deploy/workspace/cp6607_project_and_hmi_demo/opt/help_table.png" nameFrom="deploy/workspace/cp6607_project_and_hmi_demo/opt/help_table.png"/>
  <file version="" checksum="2087045971" nameTo="deploy/workspace/cp6607_project_and_hmi_demo/opt/help_trend_history.png" nameFrom="deploy/workspace/cp6607_project_and_hmi_demo/opt/help_trend_history.png"/>
  <file version="" checksum="1649849748" nameTo="deploy/workspace/cp6607_project_and_hmi_demo/opt/help_trend_real.png" nameFrom="deploy/workspace/cp6607_project_and_hmi_demo/opt/help_trend_real.png"/>
  <file version="" checksum="1531231049" nameTo="deploy/workspace/cp6607_project_and_hmi_demo/opt/help_usermanagement.png" nameFrom="deploy/workspace/cp6607_project_and_hmi_demo/opt/help_usermanagement.png"/>
  <file version="" checksum="272630525" nameTo="deploy/workspace/cp6607_project_and_hmi_demo/opt/ipcamera.png" nameFrom="deploy/workspace/cp6607_project_and_hmi_demo/opt/ipcamera.png"/>
  <file version="" checksum="41760623" nameTo="deploy/workspace/cp6607_project_and_hmi_demo/opt/language.png" nameFrom="deploy/workspace/cp6607_project_and_hmi_demo/opt/language.png"/>
  <file version="" checksum="927768137" nameTo="deploy/workspace/cp6607_project_and_hmi_demo/opt/network.png" nameFrom="deploy/workspace/cp6607_project_and_hmi_demo/opt/network.png"/>
  <file version="" checksum="2780594896" nameTo="deploy/workspace/cp6607_project_and_hmi_demo/opt/recipes.png" nameFrom="deploy/workspace/cp6607_project_and_hmi_demo/opt/recipes.png"/>
  <file version="" checksum="2802143226" nameTo="deploy/workspace/cp6607_project_and_hmi_demo/opt/rssfeed.png" nameFrom="deploy/workspace/cp6607_project_and_hmi_demo/opt/rssfeed.png"/>
  <file version="" checksum="3187549101" nameTo="deploy/workspace/cp6607_project_and_hmi_demo/opt/scheduler.png" nameFrom="deploy/workspace/cp6607_project_and_hmi_demo/opt/scheduler.png"/>
  <file version="" checksum="3285138260" nameTo="deploy/workspace/cp6607_project_and_hmi_demo/opt/start.png" nameFrom="deploy/workspace/cp6607_project_and_hmi_demo/opt/start.png"/>
  <file version="" checksum="1229153950" nameTo="deploy/workspace/cp6607_project_and_hmi_demo/opt/system.png" nameFrom="deploy/workspace/cp6607_project_and_hmi_demo/opt/system.png"/>
  <file version="" checksum="3187549101" nameTo="deploy/workspace/cp6607_project_and_hmi_demo/opt/table.png" nameFrom="deploy/workspace/cp6607_project_and_hmi_demo/opt/table.png"/>
  <file version="" checksum="1588592279" nameTo="deploy/workspace/cp6607_project_and_hmi_demo/opt/userright.png" nameFrom="deploy/workspace/cp6607_project_and_hmi_demo/opt/userright.png"/>
  <file version="" checksum="381226891" nameTo="deploy/workspace/cp6607_project_and_hmi_demo/opt/users.png" nameFrom="deploy/workspace/cp6607_project_and_hmi_demo/opt/users.png"/>
  <file version="" checksum="1283041787" nameTo="deploy/workspace/cp6607_project_and_hmi_demo/opt/web_cp600.png" nameFrom="deploy/workspace/cp6607_project_and_hmi_demo/opt/web_cp600.png"/>
  <file version="" checksum="2222438841" nameTo="deploy/workspace/cp6607_project_and_hmi_demo/opt/web_cp600eco.png" nameFrom="deploy/workspace/cp6607_project_and_hmi_demo/opt/web_cp600eco.png"/>
  <file version="" checksum="2091203204" nameTo="deploy/workspace/cp6607_project_and_hmi_demo/opt/web_cp600pro.png" nameFrom="deploy/workspace/cp6607_project_and_hmi_demo/opt/web_cp600pro.png"/>
  <file version="" checksum="1785763758" nameTo="deploy/workspace/cp6607_project_and_hmi_demo/opt/web_main.png" nameFrom="deploy/workspace/cp6607_project_and_hmi_demo/opt/web_main.png"/>
  <file version="" checksum="1640294076" nameTo="deploy/workspace/cp6607_project_and_hmi_demo/opt/webtemplate.png" nameFrom="deploy/workspace/cp6607_project_and_hmi_demo/opt/webtemplate.png"/>
  <file version="" checksum="1668454522" nameTo="deploy/workspace/cp6607_project_and_hmi_demo/recipes.jmxb" nameFrom="deploy/workspace/cp6607_project_and_hmi_demo/recipes.jmxb"/>
  <file version="" checksum="1633380100" nameTo="deploy/workspace/cp6607_project_and_hmi_demo/reports/graphic report 1/images/reports.jpg" nameFrom="deploy/workspace/cp6607_project_and_hmi_demo/reports/graphic report 1/images/reports.jpg"/>
  <file version="" checksum="998581243" nameTo="deploy/workspace/cp6607_project_and_hmi_demo/reports/graphic report 1/opt/graphic report 1_17c808.png" nameFrom="deploy/workspace/cp6607_project_and_hmi_demo/reports/graphic report 1/opt/graphic report 1_17c808.png"/>
  <file version="" checksum="4178016855" nameTo="deploy/workspace/cp6607_project_and_hmi_demo/reports/graphic report 1/graphic report 1 header footer.jmxb" nameFrom="deploy/workspace/cp6607_project_and_hmi_demo/reports/graphic report 1/graphic report 1 header footer.jmxb"/>
  <file version="" checksum="2101503235" nameTo="deploy/workspace/cp6607_project_and_hmi_demo/reports/graphic report 1/graphic report 1_17c808.jmxb" nameFrom="deploy/workspace/cp6607_project_and_hmi_demo/reports/graphic report 1/graphic report 1_17c808.jmxb"/>
  <file version="" checksum="4224290210" nameTo="deploy/workspace/cp6607_project_and_hmi_demo/rssfeed.jmxb" nameFrom="deploy/workspace/cp6607_project_and_hmi_demo/rssfeed.jmxb"/>
  <file version="" checksum="2713764143" nameTo="deploy/workspace/cp6607_project_and_hmi_demo/scheduler.jmxb" nameFrom="deploy/workspace/cp6607_project_and_hmi_demo/scheduler.jmxb"/>
  <file version="" checksum="1303367984" nameTo="deploy/workspace/cp6607_project_and_hmi_demo/start.jmxb" nameFrom="deploy/workspace/cp6607_project_and_hmi_demo/start.jmxb"/>
  <file version="" checksum="72930140" nameTo="deploy/workspace/cp6607_project_and_hmi_demo/start.js" nameFrom="deploy/workspace/cp6607_project_and_hmi_demo/start.js"/>
  <file version="" checksum="1791400388" nameTo="deploy/workspace/cp6607_project_and_hmi_demo/system.jmxb" nameFrom="deploy/workspace/cp6607_project_and_hmi_demo/system.jmxb"/>
  <file version="" checksum="3622757583" nameTo="deploy/workspace/cp6607_project_and_hmi_demo/table.jmxb" nameFrom="deploy/workspace/cp6607_project_and_hmi_demo/table.jmxb"/>
  <file version="" checksum="4132111848" nameTo="deploy/workspace/cp6607_project_and_hmi_demo/table.js" nameFrom="deploy/workspace/cp6607_project_and_hmi_demo/table.js"/>
  <file version="" checksum="4142097824" nameTo="deploy/workspace/cp6607_project_and_hmi_demo/trend.jmxb" nameFrom="deploy/workspace/cp6607_project_and_hmi_demo/trend.jmxb"/>
  <file version="" checksum="2529360594" nameTo="deploy/workspace/cp6607_project_and_hmi_demo/usermgmttemplates/images/button.svg" nameFrom="deploy/workspace/cp6607_project_and_hmi_demo/usermgmttemplates/images/button.svg"/>
  <file version="" checksum="766328643" nameTo="deploy/workspace/cp6607_project_and_hmi_demo/usermgmttemplates/images/buttonframe.svg" nameFrom="deploy/workspace/cp6607_project_and_hmi_demo/usermgmttemplates/images/buttonframe.svg"/>
  <file version="" checksum="3400376120" nameTo="deploy/workspace/cp6607_project_and_hmi_demo/usermgmttemplates/images/buttonpressed.svg" nameFrom="deploy/workspace/cp6607_project_and_hmi_demo/usermgmttemplates/images/buttonpressed.svg"/>
  <file version="" checksum="1196815085" nameTo="deploy/workspace/cp6607_project_and_hmi_demo/usermgmttemplates/images/bgadduser.svg" nameFrom="deploy/workspace/cp6607_project_and_hmi_demo/usermgmttemplates/images/bgadduser.svg"/>
  <file version="" checksum="1196815085" nameTo="deploy/workspace/cp6607_project_and_hmi_demo/usermgmttemplates/images/bgchangepassword.svg" nameFrom="deploy/workspace/cp6607_project_and_hmi_demo/usermgmttemplates/images/bgchangepassword.svg"/>
  <file version="" checksum="1196815085" nameTo="deploy/workspace/cp6607_project_and_hmi_demo/usermgmttemplates/images/bgdeleteuser.svg" nameFrom="deploy/workspace/cp6607_project_and_hmi_demo/usermgmttemplates/images/bgdeleteuser.svg"/>
  <file version="" checksum="1196815085" nameTo="deploy/workspace/cp6607_project_and_hmi_demo/usermgmttemplates/images/bgloginpage.svg" nameFrom="deploy/workspace/cp6607_project_and_hmi_demo/usermgmttemplates/images/bgloginpage.svg"/>
  <file version="" checksum="1196815085" nameTo="deploy/workspace/cp6607_project_and_hmi_demo/usermgmttemplates/images/bgloginpage_combo.svg" nameFrom="deploy/workspace/cp6607_project_and_hmi_demo/usermgmttemplates/images/bgloginpage_combo.svg"/>
  <file version="" checksum="1196815085" nameTo="deploy/workspace/cp6607_project_and_hmi_demo/usermgmttemplates/images/bgswitchuserloginpage.svg" nameFrom="deploy/workspace/cp6607_project_and_hmi_demo/usermgmttemplates/images/bgswitchuserloginpage.svg"/>
  <file version="" checksum="1196815085" nameTo="deploy/workspace/cp6607_project_and_hmi_demo/usermgmttemplates/images/bgswitchuserloginpage_combo.svg" nameFrom="deploy/workspace/cp6607_project_and_hmi_demo/usermgmttemplates/images/bgswitchuserloginpage_combo.svg"/>
  <file version="" checksum="1196815085" nameTo="deploy/workspace/cp6607_project_and_hmi_demo/usermgmttemplates/images/bgusereditor.svg" nameFrom="deploy/workspace/cp6607_project_and_hmi_demo/usermgmttemplates/images/bgusereditor.svg"/>
  <file version="" checksum="2529360594" nameTo="deploy/workspace/cp6607_project_and_hmi_demo/usermgmttemplates/images/button.svg" nameFrom="deploy/workspace/cp6607_project_and_hmi_demo/usermgmttemplates/images/button.svg"/>
  <file version="" checksum="3400376120" nameTo="deploy/workspace/cp6607_project_and_hmi_demo/usermgmttemplates/images/buttonpressed.svg" nameFrom="deploy/workspace/cp6607_project_and_hmi_demo/usermgmttemplates/images/buttonpressed.svg"/>
  <file version="" checksum="3386802276" nameTo="deploy/workspace/cp6607_project_and_hmi_demo/usermgmttemplates/images/checkboxoff.svg" nameFrom="deploy/workspace/cp6607_project_and_hmi_demo/usermgmttemplates/images/checkboxoff.svg"/>
  <file version="" checksum="1715419798" nameTo="deploy/workspace/cp6607_project_and_hmi_demo/usermgmttemplates/images/checkboxon.svg" nameFrom="deploy/workspace/cp6607_project_and_hmi_demo/usermgmttemplates/images/checkboxon.svg"/>
  <file version="" checksum="1356360322" nameTo="deploy/workspace/cp6607_project_and_hmi_demo/usermgmttemplates/opt/adduser.png" nameFrom="deploy/workspace/cp6607_project_and_hmi_demo/usermgmttemplates/opt/adduser.png"/>
  <file version="" checksum="3953575390" nameTo="deploy/workspace/cp6607_project_and_hmi_demo/usermgmttemplates/opt/changepassword.png" nameFrom="deploy/workspace/cp6607_project_and_hmi_demo/usermgmttemplates/opt/changepassword.png"/>
  <file version="" checksum="3231749111" nameTo="deploy/workspace/cp6607_project_and_hmi_demo/usermgmttemplates/opt/deleteuser.png" nameFrom="deploy/workspace/cp6607_project_and_hmi_demo/usermgmttemplates/opt/deleteuser.png"/>
  <file version="" checksum="405393477" nameTo="deploy/workspace/cp6607_project_and_hmi_demo/usermgmttemplates/opt/loginpage.png" nameFrom="deploy/workspace/cp6607_project_and_hmi_demo/usermgmttemplates/opt/loginpage.png"/>
  <file version="" checksum="1849367772" nameTo="deploy/workspace/cp6607_project_and_hmi_demo/usermgmttemplates/opt/loginpage_combo.png" nameFrom="deploy/workspace/cp6607_project_and_hmi_demo/usermgmttemplates/opt/loginpage_combo.png"/>
  <file version="" checksum="1022921093" nameTo="deploy/workspace/cp6607_project_and_hmi_demo/usermgmttemplates/opt/switchuserloginpage.png" nameFrom="deploy/workspace/cp6607_project_and_hmi_demo/usermgmttemplates/opt/switchuserloginpage.png"/>
  <file version="" checksum="3542981780" nameTo="deploy/workspace/cp6607_project_and_hmi_demo/usermgmttemplates/opt/switchuserloginpage_combo.png" nameFrom="deploy/workspace/cp6607_project_and_hmi_demo/usermgmttemplates/opt/switchuserloginpage_combo.png"/>
  <file version="" checksum="705672386" nameTo="deploy/workspace/cp6607_project_and_hmi_demo/usermgmttemplates/opt/usereditor.png" nameFrom="deploy/workspace/cp6607_project_and_hmi_demo/usermgmttemplates/opt/usereditor.png"/>
  <file version="" checksum="3824441659" nameTo="deploy/workspace/cp6607_project_and_hmi_demo/usermgmttemplates/adduser.jmx" nameFrom="deploy/workspace/cp6607_project_and_hmi_demo/usermgmttemplates/adduser.jmx"/>
  <file version="" checksum="1722423941" nameTo="deploy/workspace/cp6607_project_and_hmi_demo/usermgmttemplates/changepassword.jmx" nameFrom="deploy/workspace/cp6607_project_and_hmi_demo/usermgmttemplates/changepassword.jmx"/>
  <file version="" checksum="2774770345" nameTo="deploy/workspace/cp6607_project_and_hmi_demo/usermgmttemplates/deleteuser.jmx" nameFrom="deploy/workspace/cp6607_project_and_hmi_demo/usermgmttemplates/deleteuser.jmx"/>
  <file version="" checksum="2087290053" nameTo="deploy/workspace/cp6607_project_and_hmi_demo/usermgmttemplates/loginpage.jmx" nameFrom="deploy/workspace/cp6607_project_and_hmi_demo/usermgmttemplates/loginpage.jmx"/>
  <file version="" checksum="3696697498" nameTo="deploy/workspace/cp6607_project_and_hmi_demo/usermgmttemplates/loginpage_combo.jmx" nameFrom="deploy/workspace/cp6607_project_and_hmi_demo/usermgmttemplates/loginpage_combo.jmx"/>
  <file version="" checksum="2477297040" nameTo="deploy/workspace/cp6607_project_and_hmi_demo/usermgmttemplates/signaturedialog.jmx" nameFrom="deploy/workspace/cp6607_project_and_hmi_demo/usermgmttemplates/signaturedialog.jmx"/>
  <file version="" checksum="29492716" nameTo="deploy/workspace/cp6607_project_and_hmi_demo/usermgmttemplates/switchuserloginpage.jmx" nameFrom="deploy/workspace/cp6607_project_and_hmi_demo/usermgmttemplates/switchuserloginpage.jmx"/>
  <file version="" checksum="1912040680" nameTo="deploy/workspace/cp6607_project_and_hmi_demo/usermgmttemplates/switchuserloginpage_combo.jmx" nameFrom="deploy/workspace/cp6607_project_and_hmi_demo/usermgmttemplates/switchuserloginpage_combo.jmx"/>
  <file version="" checksum="1213970240" nameTo="deploy/workspace/cp6607_project_and_hmi_demo/usermgmttemplates/usereditor.jmx" nameFrom="deploy/workspace/cp6607_project_and_hmi_demo/usermgmttemplates/usereditor.jmx"/>
  <file version="" checksum="3167572775" nameTo="deploy/workspace/cp6607_project_and_hmi_demo/userright.jmxb" nameFrom="deploy/workspace/cp6607_project_and_hmi_demo/userright.jmxb"/>
  <file version="" checksum="3970558962" nameTo="deploy/workspace/cp6607_project_and_hmi_demo/users.jmxb" nameFrom="deploy/workspace/cp6607_project_and_hmi_demo/users.jmxb"/>
  <file version="" checksum="2415684970" nameTo="deploy/workspace/cp6607_project_and_hmi_demo/web_cp600.jmxb" nameFrom="deploy/workspace/cp6607_project_and_hmi_demo/web_cp600.jmxb"/>
  <file version="" checksum="4068801313" nameTo="deploy/workspace/cp6607_project_and_hmi_demo/web_cp600eco.jmxb" nameFrom="deploy/workspace/cp6607_project_and_hmi_demo/web_cp600eco.jmxb"/>
  <file version="" checksum="4197918530" nameTo="deploy/workspace/cp6607_project_and_hmi_demo/web_cp600pro.jmxb" nameFrom="deploy/workspace/cp6607_project_and_hmi_demo/web_cp600pro.jmxb"/>
  <file version="" checksum="4032532122" nameTo="deploy/workspace/cp6607_project_and_hmi_demo/web_main.jmxb" nameFrom="deploy/workspace/cp6607_project_and_hmi_demo/web_main.jmxb"/>
  <file version="" checksum="1127838259" nameTo="deploy/workspace/cp6607_project_and_hmi_demo/webtemplate.jmxb" nameFrom="deploy/workspace/cp6607_project_and_hmi_demo/webtemplate.jmxb"/>
  <file version="" checksum="3472964551" nameTo="deploy/workspace/cp6607_project_and_hmi_demo/cp6607_project_and_hmi_demo.jpr" nameFrom="deploy/workspace/cp6607_project_and_hmi_demo/cp6607_project_and_hmi_demo.jpr"/>
  <file version="" checksum="4080772170" nameTo="deploy/workspace/cp6607_project_and_hmi_demo/screensaver/pic 1_800x480.jpg" nameFrom="deploy/workspace/cp6607_project_and_hmi_demo/screensaver/pic 1_800x480.jpg"/>
  <file version="" checksum="333516079" nameTo="deploy/workspace/cp6607_project_and_hmi_demo/screensaver/pic 2_800x480.jpg" nameFrom="deploy/workspace/cp6607_project_and_hmi_demo/screensaver/pic 2_800x480.jpg"/>
  <file version="" checksum="249822582" nameTo="deploy/workspace/cp6607_project_and_hmi_demo/screensaver/pic 3_800x480.jpg" nameFrom="deploy/workspace/cp6607_project_and_hmi_demo/screensaver/pic 3_800x480.jpg"/>
  <file version="" checksum="1228318653" nameTo="deploy/workspace/cp6607_project_and_hmi_demo/screensaver/pic 4_800x480.jpg" nameFrom="deploy/workspace/cp6607_project_and_hmi_demo/screensaver/pic 4_800x480.jpg"/>
  <file version="" checksum="1327816039" nameTo="deploy/workspace/cp6607_project_and_hmi_demo/screensaver/pic 5_800x480.jpg" nameFrom="deploy/workspace/cp6607_project_and_hmi_demo/screensaver/pic 5_800x480.jpg"/>
  <file version="" checksum="3204741797" nameTo="deploy/workspace/cp6607_project_and_hmi_demo/screensaver/pic 6_800x480.jpg" nameFrom="deploy/workspace/cp6607_project_and_hmi_demo/screensaver/pic 6_800x480.jpg"/>
  <file version="" checksum="2569403849" nameTo="deploy/workspace/cp6607_project_and_hmi_demo/config/groups.xml" nameFrom="deploy/workspace/cp6607_project_and_hmi_demo/config/groups.xml"/>
  <file version="" checksum="1415491287" nameTo="deploy/workspace/cp6607_project_and_hmi_demo/config/engineconfig.xml" nameFrom="deploy/workspace/cp6607_project_and_hmi_demo/config/engineconfig.xml"/>
  <file version="" checksum="4020678115" nameTo="deploy/workspace/cp6607_project_and_hmi_demo/config/fastboot.xml" nameFrom="deploy/workspace/cp6607_project_and_hmi_demo/config/fastboot.xml"/>
  <file version="" checksum="3457673066" nameTo="deploy/workspace/cp6607_project_and_hmi_demo/config/tags.xml" nameFrom="deploy/workspace/cp6607_project_and_hmi_demo/config/tags.xml"/>
  <file version="" checksum="1427255337" nameTo="deploy/workspace/cp6607_project_and_hmi_demo/config/tags.bin" nameFrom="deploy/workspace/cp6607_project_and_hmi_demo/config/tags.bin"/>
  <file version="" checksum="1247836419" nameTo="deploy/workspace/cp6607_project_and_hmi_demo/config/trends.xml" nameFrom="deploy/workspace/cp6607_project_and_hmi_demo/config/trends.xml"/>
  <file version="" checksum="1665562025" nameTo="deploy/workspace/cp6607_project_and_hmi_demo/config/indexedtagset.xml" nameFrom="deploy/workspace/cp6607_project_and_hmi_demo/config/indexedtagset.xml"/>
  <file version="" checksum="186440390" nameTo="deploy/workspace/cp6607_project_and_hmi_demo/config/recipe.xml" nameFrom="deploy/workspace/cp6607_project_and_hmi_demo/config/recipe.xml"/>
  <file version="" checksum="3153738531" nameTo="deploy/workspace/cp6607_project_and_hmi_demo/config/alarms.xml" nameFrom="deploy/workspace/cp6607_project_and_hmi_demo/config/alarms.xml"/>
  <file version="" checksum="3308716847" nameTo="deploy/workspace/cp6607_project_and_hmi_demo/config/alarms.bin" nameFrom="deploy/workspace/cp6607_project_and_hmi_demo/config/alarms.bin"/>
  <file version="" checksum="3347870911" nameTo="deploy/workspace/cp6607_project_and_hmi_demo/config/multilang.xml" nameFrom="deploy/workspace/cp6607_project_and_hmi_demo/config/multilang.xml"/>
  <file version="" checksum="3391370638" nameTo="deploy/workspace/cp6607_project_and_hmi_demo/config/scheduler.xml" nameFrom="deploy/workspace/cp6607_project_and_hmi_demo/config/scheduler.xml"/>
  <file version="" checksum="36179616" nameTo="deploy/workspace/cp6607_project_and_hmi_demo/config/protocols.xml" nameFrom="deploy/workspace/cp6607_project_and_hmi_demo/config/protocols.xml"/>
  <file version="" checksum="4066407593" nameTo="deploy/workspace/cp6607_project_and_hmi_demo/config/eventconfig.xml" nameFrom="deploy/workspace/cp6607_project_and_hmi_demo/config/eventconfig.xml"/>
  <file version="" checksum="2182756733" nameTo="deploy/workspace/cp6607_project_and_hmi_demo/config/eventlistinfo.xml" nameFrom="deploy/workspace/cp6607_project_and_hmi_demo/config/eventlistinfo.xml"/>
  <file version="" checksum="858873677" nameTo="deploy/workspace/cp6607_project_and_hmi_demo/config/emailconfig.xml" nameFrom="deploy/workspace/cp6607_project_and_hmi_demo/config/emailconfig.xml"/>
  <file version="" checksum="220377" nameTo="deploy/workspace/cp6607_project_and_hmi_demo/config/emailinfo.xml" nameFrom="deploy/workspace/cp6607_project_and_hmi_demo/config/emailinfo.xml"/>
  <file version="" checksum="1685762785" nameTo="deploy/workspace/cp6607_project_and_hmi_demo/config/reports.xml" nameFrom="deploy/workspace/cp6607_project_and_hmi_demo/config/reports.xml"/>
  <file version="" checksum="495777477" nameTo="deploy/workspace/cp6607_project_and_hmi_demo/config/print.xml" nameFrom="deploy/workspace/cp6607_project_and_hmi_demo/config/print.xml"/>
  <file version="" checksum="1680315751" nameTo="deploy/workspace/cp6607_project_and_hmi_demo/config/usermgnt_group.xml" nameFrom="deploy/workspace/cp6607_project_and_hmi_demo/config/usermgnt_group.xml"/>
  <file version="" checksum="1652008732" nameTo="deploy/workspace/cp6607_project_and_hmi_demo/config/usermgnt_user.xml" nameFrom="deploy/workspace/cp6607_project_and_hmi_demo/config/usermgnt_user.xml"/>
  <file version="" checksum="2878534024" nameTo="deploy/workspace/cp6607_project_and_hmi_demo/config/usermgnt_uiauth.xml" nameFrom="deploy/workspace/cp6607_project_and_hmi_demo/config/usermgnt_uiauth.xml"/>
  <file version="" checksum="1909915583" nameTo="deploy/workspace/cp6607_project_and_hmi_demo/config/ftpd_security_auth.xml" nameFrom="deploy/workspace/cp6607_project_and_hmi_demo/config/ftpd_security_auth.xml"/>
  <file version="" checksum="2632776567" nameTo="deploy/workspace/cp6607_project_and_hmi_demo/config/httpd_security_auth.xml" nameFrom="deploy/workspace/cp6607_project_and_hmi_demo/config/httpd_security_auth.xml"/>
  <file version="" checksum="1477871486" nameTo="deploy/workspace/cp6607_project_and_hmi_demo/config/audittrail.xml" nameFrom="deploy/workspace/cp6607_project_and_hmi_demo/config/audittrail.xml"/>
  <file version="" checksum="3633893278" nameTo="deploy/workspace/cp6607_project_and_hmi_demo/config/dbconnector.xml" nameFrom="deploy/workspace/cp6607_project_and_hmi_demo/config/dbconnector.xml"/>
  <file version="" checksum="1554754831" nameTo="deploy/workspace/cp6607_project_and_hmi_demo/config/datatransfers.xml" nameFrom="deploy/workspace/cp6607_project_and_hmi_demo/config/datatransfers.xml"/>
  <file version="" checksum="3125825706" nameTo="deploy/workspace/cp6607_project_and_hmi_demo/config/screensaver.xml" nameFrom="deploy/workspace/cp6607_project_and_hmi_demo/config/screensaver.xml"/>
  <file version="" checksum="1046910119" nameTo="deploy/workspace/cp6607_project_and_hmi_demo/opt/imagecachelist.xml" nameFrom="deploy/workspace/cp6607_project_and_hmi_demo/opt/imagecachelist.xml"/>
  <file version="" checksum="3311018696" nameTo="deploy/workspace/cp6607_project_and_hmi_demo/data/latte_default.dat" nameFrom="deploy/workspace/cp6607_project_and_hmi_demo/data/latte_default.dat"/>
  <file version="" checksum="1945404548" nameTo="deploy/workspace/cp6607_project_and_hmi_demo/data/chocolate_default.dat" nameFrom="deploy/workspace/cp6607_project_and_hmi_demo/data/chocolate_default.dat"/>
  <file version="" checksum="3976116210" nameTo="deploy/workspace/cp6607_project_and_hmi_demo/config/if_opcua.xml" nameFrom="deploy/workspace/cp6607_project_and_hmi_demo/config/if_opcua.xml"/>
  <file version="" checksum="2097582442" nameTo="deploy/workspace/cp6607_project_and_hmi_demo/config/opcserverconfig.ini" nameFrom="deploy/workspace/cp6607_project_and_hmi_demo/config/opcserverconfig.ini"/>
  <file version="" checksum="2355378601" nameTo="deploy/workspace/cp6607_project_and_hmi_demo/js/com/hmi/calendarkeypadmodule-1.2.0.js" nameFrom="deploy/workspace/cp6607_project_and_hmi_demo/js/com/hmi/calendarkeypadmodule-1.2.0.js"/>
  <file version="" checksum="3514236771" nameTo="deploy/workspace/cp6607_project_and_hmi_demo/js/com/hmi/ipwidget-1.0.1.js" nameFrom="deploy/workspace/cp6607_project_and_hmi_demo/js/com/hmi/ipwidget-1.0.1.js"/>
  <file version="" checksum="3233431398" nameTo="deploy/workspace/cp6607_project_and_hmi_demo/props/abb_rssfeed.props" nameFrom="deploy/workspace/cp6607_project_and_hmi_demo/props/abb_rssfeed.props"/>
  <file version="" checksum="131684130" nameTo="deploy/workspace/cp6607_project_and_hmi_demo/props/abb_rssfeed.png" nameFrom="deploy/workspace/cp6607_project_and_hmi_demo/props/abb_rssfeed.png"/>
  <file version="" checksum="2827977020" nameTo="deploy/workspace/cp6607_project_and_hmi_demo/props/com/hmi/ipwidget.props" nameFrom="deploy/workspace/cp6607_project_and_hmi_demo/props/com/hmi/ipwidget.props"/>
  <file version="" checksum="272524054" nameTo="deploy/workspace/cp6607_project_and_hmi_demo/props/ptz controls.props" nameFrom="deploy/workspace/cp6607_project_and_hmi_demo/props/ptz controls.props"/>
  <file version="" checksum="3293528886" nameTo="deploy/workspace/cp6607_project_and_hmi_demo/filelist.xml" nameFrom="deploy/workspace/cp6607_project_and_hmi_demo/filelist.xml"/>
  <file version="" checksum="1476361539" nameTo="deploy/protocols/libcds3.so" nameFrom="deploy/protocols/libcds3.so"/>
 </group>
 <group name="Font files">
  <file version="" checksum="348535031" nameTo="deploy/workspace/cp6607_project_and_hmi_demo/arial.ttf" nameFrom="deploy/workspace/cp6607_project_and_hmi_demo/arial.ttf"/>
  <file version="" checksum="1181739254" nameTo="deploy/workspace/cp6607_project_and_hmi_demo/arialbd.ttf" nameFrom="deploy/workspace/cp6607_project_and_hmi_demo/arialbd.ttf"/>
  <file version="" checksum="1299516851" nameTo="deploy/workspace/cp6607_project_and_hmi_demo/simhei.ttf" nameFrom="deploy/workspace/cp6607_project_and_hmi_demo/simhei.ttf"/>
  <file version="" checksum="187092898" nameTo="deploy/workspace/cp6607_project_and_hmi_demo/tahoma.ttf" nameFrom="deploy/workspace/cp6607_project_and_hmi_demo/tahoma.ttf"/>
  <file version="" checksum="681488189" nameTo="deploy/workspace/cp6607_project_and_hmi_demo/tahomabd.ttf" nameFrom="deploy/workspace/cp6607_project_and_hmi_demo/tahomabd.ttf"/>
  <file version="" checksum="4218144647" nameTo="deploy/workspace/cp6607_project_and_hmi_demo/fonts.xml" nameFrom="deploy/workspace/cp6607_project_and_hmi_demo/fonts.xml"/>
 </group>
 <group name="Project Files">
  <file version="" checksum="3821161304" nameTo="deploy/workspace/cp6607_project_and_hmi_demo/web\web\pages\m1_page1.html" nameFrom="deploy/workspace/cp6607_project_and_hmi_demo/web\web\pages\m1_page1.html"/>
  <file version="" checksum="893740595" nameTo="deploy/workspace/cp6607_project_and_hmi_demo/web\web\pages\m2_page2.html" nameFrom="deploy/workspace/cp6607_project_and_hmi_demo/web\web\pages\m2_page2.html"/>
  <file version="" checksum="1084847045" nameTo="deploy/workspace/cp6607_project_and_hmi_demo/web\web\pages\m3_page3.html" nameFrom="deploy/workspace/cp6607_project_and_hmi_demo/web\web\pages\m3_page3.html"/>
  <file version="" checksum="2150688310" nameTo="deploy/workspace/cp6607_project_and_hmi_demo/web\web\pages\m4_page4.html" nameFrom="deploy/workspace/cp6607_project_and_hmi_demo/web\web\pages\m4_page4.html"/>
  <file version="" checksum="1848653737" nameTo="deploy/workspace/cp6607_project_and_hmi_demo/web\web\umtemplates\changepassword.html" nameFrom="deploy/workspace/cp6607_project_and_hmi_demo/web\web\umtemplates\changepassword.html"/>
  <file version="" checksum="1785763758" nameTo="deploy/workspace/cp6607_project_and_hmi_demo/web/web/images/web_main.png" nameFrom="deploy/workspace/cp6607_project_and_hmi_demo/web/web/images/web_main.png"/>
  <file version="" checksum="2222438841" nameTo="deploy/workspace/cp6607_project_and_hmi_demo/web/web/images/web_cp600eco.png" nameFrom="deploy/workspace/cp6607_project_and_hmi_demo/web/web/images/web_cp600eco.png"/>
  <file version="" checksum="1283041787" nameTo="deploy/workspace/cp6607_project_and_hmi_demo/web/web/images/web_cp600.png" nameFrom="deploy/workspace/cp6607_project_and_hmi_demo/web/web/images/web_cp600.png"/>
  <file version="" checksum="2091203204" nameTo="deploy/workspace/cp6607_project_and_hmi_demo/web/web/images/web_cp600pro.png" nameFrom="deploy/workspace/cp6607_project_and_hmi_demo/web/web/images/web_cp600pro.png"/>
  <file version="" checksum="0" nameTo="deploy/workspace/cp6607_project_and_hmi_demo/web\web\css\pages\_m1_page1.css" nameFrom="deploy/workspace/cp6607_project_and_hmi_demo/web\web\css\pages\_m1_page1.css"/>
  <file version="" checksum="0" nameTo="deploy/workspace/cp6607_project_and_hmi_demo/web\web\css\pages\_m2_page2.css" nameFrom="deploy/workspace/cp6607_project_and_hmi_demo/web\web\css\pages\_m2_page2.css"/>
  <file version="" checksum="0" nameTo="deploy/workspace/cp6607_project_and_hmi_demo/web\web\css\pages\_m3_page3.css" nameFrom="deploy/workspace/cp6607_project_and_hmi_demo/web\web\css\pages\_m3_page3.css"/>
  <file version="" checksum="0" nameTo="deploy/workspace/cp6607_project_and_hmi_demo/web\web\css\pages\_m4_page4.css" nameFrom="deploy/workspace/cp6607_project_and_hmi_demo/web\web\css\pages\_m4_page4.css"/>
  <file version="" checksum="3234857255" nameTo="deploy/workspace/cp6607_project_and_hmi_demo/web\web\index.html" nameFrom="deploy/workspace/cp6607_project_and_hmi_demo/web\web\index.html"/>
  <file version="" checksum="3920957400" nameTo="deploy/workspace/cp6607_project_and_hmi_demo/web\web\_webmain.html" nameFrom="deploy/workspace/cp6607_project_and_hmi_demo/web\web\_webmain.html"/>
  <file version="" checksum="192325606" nameTo="deploy/workspace/cp6607_project_and_hmi_demo/web\web\_mobimain.html" nameFrom="deploy/workspace/cp6607_project_and_hmi_demo/web\web\_mobimain.html"/>
  <file version="" checksum="2868151750" nameTo="deploy/workspace/cp6607_project_and_hmi_demo/web\web\_tabletmain.html" nameFrom="deploy/workspace/cp6607_project_and_hmi_demo/web\web\_tabletmain.html"/>
  <file version="" checksum="2948819928" nameTo="deploy/workspace/cp6607_project_and_hmi_demo/web\web\config\server.json" nameFrom="deploy/workspace/cp6607_project_and_hmi_demo/web\web\config\server.json"/>
  <file version="" checksum="2145874767" nameTo="deploy/workspace/cp6607_project_and_hmi_demo/web\web\config\conf.json" nameFrom="deploy/workspace/cp6607_project_and_hmi_demo/web\web\config\conf.json"/>
  <file version="" checksum="759452545" nameTo="deploy/workspace/cp6607_project_and_hmi_demo/web\web\js\comworker.min.js" nameFrom="deploy/workspace/cp6607_project_and_hmi_demo/web\web\js\comworker.min.js"/>
  <file version="" checksum="2577261044" nameTo="deploy/workspace/cp6607_project_and_hmi_demo/web\web\js\hmi.libs.min.js" nameFrom="deploy/workspace/cp6607_project_and_hmi_demo/web\web\js\hmi.libs.min.js"/>
  <file version="" checksum="3134597204" nameTo="deploy/workspace/cp6607_project_and_hmi_demo/web\web\js\hmi.combined.min.js" nameFrom="deploy/workspace/cp6607_project_and_hmi_demo/web\web\js\hmi.combined.min.js"/>
  <file version="" checksum="3523978005" nameTo="deploy/workspace/cp6607_project_and_hmi_demo/web\web\js\loadproject.js" nameFrom="deploy/workspace/cp6607_project_and_hmi_demo/web\web\js\loadproject.js"/>
  <file version="" checksum="0" nameTo="deploy/workspace/cp6607_project_and_hmi_demo/web\web\js\page.combined.js" nameFrom="deploy/workspace/cp6607_project_and_hmi_demo/web\web\js\page.combined.js"/>
  <file version="" checksum="1849514427" nameTo="deploy/workspace/cp6607_project_and_hmi_demo/web\web\js\index.html" nameFrom="deploy/workspace/cp6607_project_and_hmi_demo/web\web\js\index.html"/>
  <file version="" checksum="1849514427" nameTo="deploy/workspace/cp6607_project_and_hmi_demo/web\web\js\jqm\index.html" nameFrom="deploy/workspace/cp6607_project_and_hmi_demo/web\web\js\jqm\index.html"/>
  <file version="" checksum="3638351329" nameTo="deploy/workspace/cp6607_project_and_hmi_demo/web\web\js\eventsource.min.js" nameFrom="deploy/workspace/cp6607_project_and_hmi_demo/web\web\js\eventsource.min.js"/>
  <file version="" checksum="0" nameTo="deploy/workspace/cp6607_project_and_hmi_demo/web\web\css\fonts.css" nameFrom="deploy/workspace/cp6607_project_and_hmi_demo/web\web\css\fonts.css"/>
  <file version="" checksum="2248199838" nameTo="deploy/workspace/cp6607_project_and_hmi_demo/web\web\css\pages\commons.css" nameFrom="deploy/workspace/cp6607_project_and_hmi_demo/web\web\css\pages\commons.css"/>
  <file version="" checksum="2339472643" nameTo="deploy/workspace/cp6607_project_and_hmi_demo/web\web\css\lib.min.css" nameFrom="deploy/workspace/cp6607_project_and_hmi_demo/web\web\css\lib.min.css"/>
  <file version="" checksum="2523174348" nameTo="deploy/workspace/cp6607_project_and_hmi_demo/web\web\css\core.min.css" nameFrom="deploy/workspace/cp6607_project_and_hmi_demo/web\web\css\core.min.css"/>
  <file version="" checksum="1849514427" nameTo="deploy/workspace/cp6607_project_and_hmi_demo/web\web\css\index.html" nameFrom="deploy/workspace/cp6607_project_and_hmi_demo/web\web\css\index.html"/>
  <file version="" checksum="1849514427" nameTo="deploy/workspace/cp6607_project_and_hmi_demo/web\web\css\jqm\index.html" nameFrom="deploy/workspace/cp6607_project_and_hmi_demo/web\web\css\jqm\index.html"/>
  <file version="" checksum="3881394706" nameTo="deploy/workspace/cp6607_project_and_hmi_demo/web\web\css\jqm\images\icons-png\delete-black.png" nameFrom="deploy/workspace/cp6607_project_and_hmi_demo/web\web\css\jqm\images\icons-png\delete-black.png"/>
  <file version="" checksum="2081326661" nameTo="deploy/workspace/cp6607_project_and_hmi_demo/web\web\css\jqm\images\icons-png\delete-white.png" nameFrom="deploy/workspace/cp6607_project_and_hmi_demo/web\web\css\jqm\images\icons-png\delete-white.png"/>
  <file version="" checksum="209364801" nameTo="deploy/workspace/cp6607_project_and_hmi_demo/web\web\images\sprite.png" nameFrom="deploy/workspace/cp6607_project_and_hmi_demo/web\web\images\sprite.png"/>
  <file version="" checksum="1452137112" nameTo="deploy/workspace/cp6607_project_and_hmi_demo/web\web\images\buttonbg.png" nameFrom="deploy/workspace/cp6607_project_and_hmi_demo/web\web\images\buttonbg.png"/>
  <file version="" checksum="3322861842" nameTo="deploy/workspace/cp6607_project_and_hmi_demo/web\web\images\hdrbg.png" nameFrom="deploy/workspace/cp6607_project_and_hmi_demo/web\web\images\hdrbg.png"/>
  <file version="" checksum="1849514427" nameTo="deploy/workspace/cp6607_project_and_hmi_demo/web\web\images\index.html" nameFrom="deploy/workspace/cp6607_project_and_hmi_demo/web\web\images\index.html"/>
  <file version="" checksum="4096582888" nameTo="deploy/workspace/cp6607_project_and_hmi_demo/web\web\images\arrow_up_mod.png" nameFrom="deploy/workspace/cp6607_project_and_hmi_demo/web\web\images\arrow_up_mod.png"/>
  <file version="" checksum="3807236174" nameTo="deploy/workspace/cp6607_project_and_hmi_demo/web\web\images\arrow_down_mod.png" nameFrom="deploy/workspace/cp6607_project_and_hmi_demo/web\web\images\arrow_down_mod.png"/>
  <file version="" checksum="870881359" nameTo="deploy/workspace/cp6607_project_and_hmi_demo/web\web\images\arrow_left_mod.png" nameFrom="deploy/workspace/cp6607_project_and_hmi_demo/web\web\images\arrow_left_mod.png"/>
  <file version="" checksum="3871341563" nameTo="deploy/workspace/cp6607_project_and_hmi_demo/web\web\images\arrow_right_mod.png" nameFrom="deploy/workspace/cp6607_project_and_hmi_demo/web\web\images\arrow_right_mod.png"/>
  <file version="" checksum="0" nameTo="deploy/workspace/cp6607_project_and_hmi_demo/web\web\css\umtemplates\_changepassword.css" nameFrom="deploy/workspace/cp6607_project_and_hmi_demo/web\web\css\umtemplates\_changepassword.css"/>
  <file version="" checksum="2577261044" nameTo="deploy/workspace/cp6607_project_and_hmi_demo/web\web\umtemplates\js\hmi.libs.min.js" nameFrom="deploy/workspace/cp6607_project_and_hmi_demo/web\web\umtemplates\js\hmi.libs.min.js"/>
  <file version="" checksum="3134597204" nameTo="deploy/workspace/cp6607_project_and_hmi_demo/web\web\umtemplates\js\hmi.combined.min.js" nameFrom="deploy/workspace/cp6607_project_and_hmi_demo/web\web\umtemplates\js\hmi.combined.min.js"/>
  <file version="" checksum="2339472643" nameTo="deploy/workspace/cp6607_project_and_hmi_demo/web\web\umtemplates\css\lib.min.css" nameFrom="deploy/workspace/cp6607_project_and_hmi_demo/web\web\umtemplates\css\lib.min.css"/>
  <file version="" checksum="2523174348" nameTo="deploy/workspace/cp6607_project_and_hmi_demo/web\web\umtemplates\css\core.min.css" nameFrom="deploy/workspace/cp6607_project_and_hmi_demo/web\web\umtemplates\css\core.min.css"/>
  <file version="" checksum="3916222277" nameTo="deploy/workspace/cp6607_project_and_hmi_demo/web\web\modules\resources\templates.xml" nameFrom="deploy/workspace/cp6607_project_and_hmi_demo/web\web\modules\resources\templates.xml"/>
 </group>
 <group name="Suppot Executables"/>
</files>
