<protocols>
 <protocol>
  <id>prot3</id>
  <name>VRBL</name>
  <file></file>
  <configuration>CfgVer=1 </configuration>
  <autoImport></autoImport>
  <enableOptimization>true</enableOptimization>
  <enableDatagram>false</enableDatagram>
  <offline_ort>120000</offline_ort>
  <offline_opt>false</offline_opt>
  <offline_rpt>3</offline_rpt>
  <dictionaryname autoSync="false"></dictionaryname>
  <enableSimProtocol>true</enableSimProtocol>
  <simFlags>0</simFlags>
  <displayName>Variables</displayName>
 </protocol>
 <protocol>
  <id>prot1</id>
  <name>CDS3</name>
  <file>CDS3</file>
  <configuration>CfgVer=1 prefix=PLC_AC500_V3 ipAddress=192.168.0.10 timeout=1000 fullAddress=false maxVarList=225 model=default </configuration>
  <autoImport></autoImport>
  <enableOptimization>true</enableOptimization>
  <enableDatagram>true</enableDatagram>
  <offline_ort>30000</offline_ort>
  <offline_opt>true</offline_opt>
  <offline_rpt>3</offline_rpt>
  <dictionaryname autoSync="true">[ABB CoDeSys ETH V3 prot1] Application</dictionaryname>
  <enableSimProtocol>true</enableSimProtocol>
  <simFlags>0</simFlags>
  <displayName>CODESYS V3 ETH</displayName>
 </protocol>
</protocols>
