<?xml version="1.0" encoding="UTF-8"?>
<tags>
    <tag>
        <name>Recipe_01</name>
        <resourceLocator>prot3://Recipe_01?float</resourceLocator>
        <refreshTime>500</refreshTime>
        <accessMode>READ-WRITE</accessMode>
        <active>false</active>
        <simulator>VRBL://Recipe_01?float</simulator>
        <enableScaling>false</enableScaling>
        <enableAudit subT="1" eventT="18">false</enableAudit>
    </tag>
    <tag>
        <name>Recipe_02</name>
        <resourceLocator>prot3://Recipe_02?float</resourceLocator>
        <refreshTime>500</refreshTime>
        <accessMode>READ-WRITE</accessMode>
        <active>false</active>
        <simulator>VRBL://Recipe_02?float</simulator>
        <enableScaling>false</enableScaling>
        <enableAudit subT="1" eventT="18">false</enableAudit>
    </tag>
    <tag>
        <name>Recipe_03</name>
        <resourceLocator>prot3://Recipe_03?float</resourceLocator>
        <refreshTime>500</refreshTime>
        <accessMode>READ-WRITE</accessMode>
        <active>false</active>
        <simulator>VRBL://Recipe_03?float</simulator>
        <enableScaling>false</enableScaling>
        <enableAudit subT="1" eventT="18">false</enableAudit>
    </tag>
    <tag>
        <name>Recipe_04</name>
        <resourceLocator>prot3://Recipe_04?float</resourceLocator>
        <refreshTime>500</refreshTime>
        <accessMode>READ-WRITE</accessMode>
        <active>false</active>
        <simulator>VRBL://Recipe_04?float</simulator>
        <enableScaling>false</enableScaling>
        <enableAudit subT="1" eventT="18">false</enableAudit>
    </tag>
    <tag>
        <name>Recipe_11</name>
        <resourceLocator>prot3://Recipe_11?float</resourceLocator>
        <refreshTime>500</refreshTime>
        <accessMode>READ-WRITE</accessMode>
        <active>false</active>
        <simulator>VRBL://Recipe_11?float</simulator>
        <enableScaling>false</enableScaling>
        <enableAudit subT="1" eventT="18">false</enableAudit>
    </tag>
    <tag>
        <name>Recipe_12</name>
        <resourceLocator>prot3://Recipe_12?float</resourceLocator>
        <refreshTime>500</refreshTime>
        <accessMode>READ-WRITE</accessMode>
        <active>false</active>
        <simulator>VRBL://Recipe_12?float</simulator>
        <enableScaling>false</enableScaling>
        <enableAudit subT="1" eventT="18">false</enableAudit>
    </tag>
    <tag>
        <name>Recipe_13</name>
        <resourceLocator>prot3://Recipe_13?float</resourceLocator>
        <refreshTime>500</refreshTime>
        <accessMode>READ-WRITE</accessMode>
        <active>false</active>
        <simulator>VRBL://Recipe_13?float</simulator>
        <enableScaling>false</enableScaling>
        <enableAudit subT="1" eventT="18">false</enableAudit>
    </tag>
    <tag>
        <name>Recipe_14</name>
        <resourceLocator>prot3://Recipe_14?float</resourceLocator>
        <refreshTime>500</refreshTime>
        <accessMode>READ-WRITE</accessMode>
        <active>false</active>
        <simulator>VRBL://Recipe_14?float</simulator>
        <enableScaling>false</enableScaling>
        <enableAudit subT="1" eventT="18">false</enableAudit>
    </tag>
    <tag>
        <name>Schedule_Every</name>
        <resourceLocator>prot3://Schedule_Every?boolean</resourceLocator>
        <refreshTime>500</refreshTime>
        <accessMode>READ-WRITE</accessMode>
        <active>false</active>
        <simulator>VRBL://Schedule_Every?boolean</simulator>
        <enableScaling>false</enableScaling>
        <enableAudit subT="1" eventT="18">false</enableAudit>
    </tag>
    <tag>
        <name>Schedule_Every2</name>
        <resourceLocator>prot3://Schedule_Every2?boolean</resourceLocator>
        <refreshTime>500</refreshTime>
        <accessMode>READ-WRITE</accessMode>
        <active>false</active>
        <simulator>VRBL://Schedule_Every2?boolean</simulator>
        <enableScaling>false</enableScaling>
        <enableAudit subT="1" eventT="18">false</enableAudit>
    </tag>
    <tag>
        <name>Schedule_Hours</name>
        <resourceLocator>prot3://Schedule_Hours?boolean</resourceLocator>
        <refreshTime>500</refreshTime>
        <accessMode>READ-WRITE</accessMode>
        <active>false</active>
        <simulator>VRBL://Schedule_Hours?boolean</simulator>
        <enableScaling>false</enableScaling>
        <enableAudit subT="1" eventT="18">false</enableAudit>
    </tag>
    <tag>
        <name>Schedule_Daily</name>
        <resourceLocator>prot3://Schedule_Daily?boolean</resourceLocator>
        <refreshTime>500</refreshTime>
        <accessMode>READ-WRITE</accessMode>
        <active>false</active>
        <simulator>VRBL://Schedule_Daily?boolean</simulator>
        <enableScaling>false</enableScaling>
        <enableAudit subT="1" eventT="18">false</enableAudit>
    </tag>
    <tag>
        <name>Schedule_Condition</name>
        <resourceLocator>prot3://Schedule_Condition?boolean</resourceLocator>
        <refreshTime>500</refreshTime>
        <accessMode>READ-WRITE</accessMode>
        <active>false</active>
        <simulator>VRBL://Schedule_Condition?boolean</simulator>
        <enableScaling>false</enableScaling>
        <enableAudit subT="1" eventT="18">false</enableAudit>
    </tag>
    <tag>
        <name>Alarm_01</name>
        <resourceLocator>prot3://Alarm_01?boolean</resourceLocator>
        <refreshTime>500</refreshTime>
        <accessMode>READ-WRITE</accessMode>
        <active>false</active>
        <simulator>VRBL://Alarm_01?boolean</simulator>
        <enableScaling>false</enableScaling>
        <enableAudit subT="1" eventT="18">false</enableAudit>
    </tag>
    <tag>
        <name>Alarm_02</name>
        <resourceLocator>prot3://Alarm_02?short</resourceLocator>
        <refreshTime>500</refreshTime>
        <accessMode>READ-WRITE</accessMode>
        <active>false</active>
        <simulator>VRBL://Alarm_02?short</simulator>
        <enableScaling>false</enableScaling>
        <enableAudit subT="1" eventT="18">false</enableAudit>
    </tag>
    <tag>
        <name>Alarm_03</name>
        <resourceLocator>prot3://Alarm_03?int</resourceLocator>
        <refreshTime>500</refreshTime>
        <accessMode>READ-WRITE</accessMode>
        <active>false</active>
        <simulator>VRBL://Alarm_03?int</simulator>
        <enableScaling>false</enableScaling>
        <enableAudit subT="1" eventT="18">false</enableAudit>
    </tag>
    <tag>
        <name>Alarm_04</name>
        <resourceLocator>prot3://Alarm_04?float</resourceLocator>
        <refreshTime>500</refreshTime>
        <accessMode>READ-WRITE</accessMode>
        <active>false</active>
        <simulator>VRBL://Alarm_04?float</simulator>
        <enableScaling>false</enableScaling>
        <enableAudit subT="1" eventT="18">false</enableAudit>
    </tag>
    <tag>
        <name>Alarm_History_EN</name>
        <resourceLocator>prot3://Alarm_History_EN?boolean</resourceLocator>
        <refreshTime>500</refreshTime>
        <accessMode>READ-WRITE</accessMode>
        <active>false</active>
        <simulator>VRBL://Alarm_History_EN?boolean</simulator>
        <enableScaling>false</enableScaling>
        <enableAudit subT="1" eventT="18">false</enableAudit>
    </tag>
    <tag>
        <name>Alarm_Active_EN</name>
        <resourceLocator>prot3://Alarm_Active_EN?boolean</resourceLocator>
        <refreshTime>500</refreshTime>
        <accessMode>READ-WRITE</accessMode>
        <active>false</active>
        <simulator>VRBL://Alarm_Active_EN?boolean</simulator>
        <enableScaling>false</enableScaling>
        <enableAudit subT="1" eventT="18">false</enableAudit>
    </tag>
    <tag>
        <name>Trend_MotorCurrent</name>
        <resourceLocator>prot3://Trend_MotorCurrent?float</resourceLocator>
        <refreshTime>500</refreshTime>
        <accessMode>READ-WRITE</accessMode>
        <active>false</active>
        <simulator>VRBL://Trend_MotorCurrent?float</simulator>
        <enableScaling>false</enableScaling>
        <enableAudit subT="1" eventT="18">false</enableAudit>
    </tag>
    <tag>
        <name>Trend_MotorCurrent_Sel</name>
        <resourceLocator>prot3://Trend_MotorCurrent_Sel?boolean</resourceLocator>
        <refreshTime>500</refreshTime>
        <accessMode>READ-WRITE</accessMode>
        <active>false</active>
        <simulator>VRBL://Trend_MotorCurrent_Sel?boolean</simulator>
        <enableScaling>false</enableScaling>
        <enableAudit subT="1" eventT="18">false</enableAudit>
    </tag>
    <tag>
        <name>Trend_MotorSpeed</name>
        <resourceLocator>prot3://Trend_MotorSpeed?float</resourceLocator>
        <refreshTime>500</refreshTime>
        <accessMode>READ-WRITE</accessMode>
        <active>false</active>
        <simulator>VRBL://Trend_MotorSpeed?float</simulator>
        <enableScaling>false</enableScaling>
        <enableAudit subT="1" eventT="18">false</enableAudit>
    </tag>
    <tag>
        <name>Trend_MotorSpeed_Sel</name>
        <resourceLocator>prot3://Trend_MotorSpeed_Sel?boolean</resourceLocator>
        <refreshTime>500</refreshTime>
        <accessMode>READ-WRITE</accessMode>
        <active>false</active>
        <simulator>VRBL://Trend_MotorSpeed_Sel?boolean</simulator>
        <enableScaling>false</enableScaling>
        <enableAudit subT="1" eventT="18">false</enableAudit>
    </tag>
    <tag>
        <name>Trend_MotorTemp</name>
        <resourceLocator>prot3://Trend_MotorTemp?float</resourceLocator>
        <refreshTime>500</refreshTime>
        <accessMode>READ-WRITE</accessMode>
        <active>false</active>
        <simulator>VRBL://Trend_MotorTemp?float</simulator>
        <enableScaling>false</enableScaling>
        <enableAudit subT="1" eventT="18">false</enableAudit>
    </tag>
    <tag>
        <name>Trend_MotorTemp_Sel</name>
        <resourceLocator>prot3://Trend_MotorTemp_Sel?boolean</resourceLocator>
        <refreshTime>500</refreshTime>
        <accessMode>READ-WRITE</accessMode>
        <active>false</active>
        <simulator>VRBL://Trend_MotorTemp_Sel?boolean</simulator>
        <enableScaling>false</enableScaling>
        <enableAudit subT="1" eventT="18">false</enableAudit>
    </tag>
    <tag>
        <name>Trend_MotorTemp_EN1</name>
        <resourceLocator>prot3://Trend_MotorTemp_EN1?boolean</resourceLocator>
        <refreshTime>500</refreshTime>
        <accessMode>READ-WRITE</accessMode>
        <active>false</active>
        <simulator>VRBL://Trend_MotorTemp_EN1?boolean</simulator>
        <enableScaling>false</enableScaling>
        <enableAudit subT="1" eventT="18">false</enableAudit>
    </tag>
    <tag>
        <name>Trend_MotorTemp_EN2</name>
        <resourceLocator>prot3://Trend_MotorTemp_EN2?boolean</resourceLocator>
        <refreshTime>500</refreshTime>
        <accessMode>READ-WRITE</accessMode>
        <active>false</active>
        <simulator>VRBL://Trend_MotorTemp_EN2?boolean</simulator>
        <enableScaling>false</enableScaling>
        <enableAudit subT="1" eventT="18">false</enableAudit>
    </tag>
    <tag>
        <name>Trend_Motor_Start</name>
        <resourceLocator>prot3://Trend_Motor_Start?boolean</resourceLocator>
        <refreshTime>500</refreshTime>
        <accessMode>READ-WRITE</accessMode>
        <active>false</active>
        <simulator>VRBL://Trend_Motor_Start?boolean</simulator>
        <enableScaling>false</enableScaling>
        <enableAudit subT="1" eventT="18">false</enableAudit>
    </tag>
    <tag>
        <name>Trend_Motor_Started</name>
        <resourceLocator>prot3://Trend_Motor_Started?boolean</resourceLocator>
        <refreshTime>500</refreshTime>
        <accessMode>READ-WRITE</accessMode>
        <active>false</active>
        <simulator>VRBL://Trend_Motor_Started?boolean</simulator>
        <enableScaling>false</enableScaling>
        <enableAudit subT="1" eventT="18">false</enableAudit>
    </tag>
    <tag>
        <name>Trend_Motor_Stop</name>
        <resourceLocator>prot3://Trend_Motor_Stop?boolean</resourceLocator>
        <refreshTime>500</refreshTime>
        <accessMode>READ-WRITE</accessMode>
        <active>false</active>
        <simulator>VRBL://Trend_Motor_Stop?boolean</simulator>
        <enableScaling>false</enableScaling>
        <enableAudit subT="1" eventT="18">false</enableAudit>
    </tag>
    <tag>
        <name>Trend_Motor_Stopped</name>
        <resourceLocator>prot3://Trend_Motor_Stopped?boolean</resourceLocator>
        <refreshTime>500</refreshTime>
        <accessMode>READ-WRITE</accessMode>
        <active>false</active>
        <simulator>VRBL://Trend_Motor_Stopped?boolean</simulator>
        <enableScaling>false</enableScaling>
        <enableAudit subT="1" eventT="18">false</enableAudit>
    </tag>
    <tag>
        <name>Trend_Real_EN</name>
        <resourceLocator>prot3://Trend_Real_EN?boolean</resourceLocator>
        <refreshTime>500</refreshTime>
        <accessMode>READ-WRITE</accessMode>
        <active>false</active>
        <simulator>VRBL://Trend_Real_EN?boolean</simulator>
        <enableScaling>false</enableScaling>
        <enableAudit subT="1" eventT="18">false</enableAudit>
    </tag>
    <tag>
        <name>Trend_Real_CursorON</name>
        <resourceLocator>prot3://Trend_Real_CursorON?boolean</resourceLocator>
        <refreshTime>500</refreshTime>
        <accessMode>READ-WRITE</accessMode>
        <active>false</active>
        <simulator>VRBL://Trend_Real_CursorON?boolean</simulator>
        <enableScaling>false</enableScaling>
        <enableAudit subT="1" eventT="18">false</enableAudit>
    </tag>
    <tag>
        <name>Trend_Real_CursorOFF</name>
        <resourceLocator>prot3://Trend_Real_CursorOFF?boolean</resourceLocator>
        <refreshTime>500</refreshTime>
        <accessMode>READ-WRITE</accessMode>
        <active>false</active>
        <simulator>VRBL://Trend_Real_CursorOFF?boolean</simulator>
        <enableScaling>false</enableScaling>
        <enableAudit subT="1" eventT="18">false</enableAudit>
    </tag>
    <tag>
        <name>Trend_History_EN</name>
        <resourceLocator>prot3://Trend_History_EN?boolean</resourceLocator>
        <refreshTime>500</refreshTime>
        <accessMode>READ-WRITE</accessMode>
        <active>false</active>
        <simulator>VRBL://Trend_History_EN?boolean</simulator>
        <enableScaling>false</enableScaling>
        <enableAudit subT="1" eventT="18">false</enableAudit>
    </tag>
    <tag>
        <name>Trend_History_CursorON</name>
        <resourceLocator>prot3://Trend_History_CursorON?boolean</resourceLocator>
        <refreshTime>500</refreshTime>
        <accessMode>READ-WRITE</accessMode>
        <active>false</active>
        <simulator>VRBL://Trend_History_CursorON?boolean</simulator>
        <enableScaling>false</enableScaling>
        <enableAudit subT="1" eventT="18">false</enableAudit>
    </tag>
    <tag>
        <name>Trend_History_CursorOFF</name>
        <resourceLocator>prot3://Trend_History_CursorOFF?boolean</resourceLocator>
        <refreshTime>500</refreshTime>
        <accessMode>READ-WRITE</accessMode>
        <active>false</active>
        <simulator>VRBL://Trend_History_CursorOFF?boolean</simulator>
        <enableScaling>false</enableScaling>
        <enableAudit subT="1" eventT="18">false</enableAudit>
    </tag>
    <tag>
        <name>DT_Manual_Year</name>
        <resourceLocator>prot3://DT_Manual_Year?unsignedShort</resourceLocator>
        <refreshTime>500</refreshTime>
        <accessMode>READ-WRITE</accessMode>
        <active>false</active>
        <simulator>VRBL://DT_Manual_Year?unsignedShort</simulator>
        <enableScaling>false</enableScaling>
        <enableAudit subT="1" eventT="18">false</enableAudit>
    </tag>
    <tag>
        <name>DT_Manual_Month</name>
        <resourceLocator>prot3://DT_Manual_Month?unsignedByte</resourceLocator>
        <refreshTime>500</refreshTime>
        <accessMode>READ-WRITE</accessMode>
        <active>false</active>
        <simulator>VRBL://DT_Manual_Month?unsignedByte</simulator>
        <enableScaling>false</enableScaling>
        <enableAudit subT="1" eventT="18">false</enableAudit>
    </tag>
    <tag>
        <name>DT_Manual_Day</name>
        <resourceLocator>prot3://DT_Manual_Day?unsignedByte</resourceLocator>
        <refreshTime>500</refreshTime>
        <accessMode>READ-WRITE</accessMode>
        <active>false</active>
        <simulator>VRBL://DT_Manual_Day?unsignedByte</simulator>
        <enableScaling>false</enableScaling>
        <enableAudit subT="1" eventT="18">false</enableAudit>
    </tag>
    <tag>
        <name>DT_Manual_Hour</name>
        <resourceLocator>prot3://DT_Manual_Hour?unsignedByte</resourceLocator>
        <refreshTime>500</refreshTime>
        <accessMode>READ-WRITE</accessMode>
        <active>false</active>
        <simulator>VRBL://DT_Manual_Hour?unsignedByte</simulator>
        <enableScaling>false</enableScaling>
        <enableAudit subT="1" eventT="18">false</enableAudit>
    </tag>
    <tag>
        <name>DT_Manual_Minute</name>
        <resourceLocator>prot3://DT_Manual_Minute?unsignedByte</resourceLocator>
        <refreshTime>500</refreshTime>
        <accessMode>READ-WRITE</accessMode>
        <active>false</active>
        <simulator>VRBL://DT_Manual_Minute?unsignedByte</simulator>
        <enableScaling>false</enableScaling>
        <enableAudit subT="1" eventT="18">false</enableAudit>
    </tag>
    <tag>
        <name>DT_Manual_Second</name>
        <resourceLocator>prot3://DT_Manual_Second?unsignedByte</resourceLocator>
        <refreshTime>500</refreshTime>
        <accessMode>READ-WRITE</accessMode>
        <active>false</active>
        <simulator>VRBL://DT_Manual_Second?unsignedByte</simulator>
        <enableScaling>false</enableScaling>
        <enableAudit subT="1" eventT="18">false</enableAudit>
    </tag>
    <tag>
        <name>DT_Manual_Sync_EN</name>
        <resourceLocator>prot3://DT_Manual_Sync_EN?boolean</resourceLocator>
        <refreshTime>500</refreshTime>
        <accessMode>READ-WRITE</accessMode>
        <active>false</active>
        <simulator>VRBL://DT_Manual_Sync_EN?boolean</simulator>
        <enableScaling>false</enableScaling>
        <enableAudit subT="1" eventT="18">false</enableAudit>
    </tag>
    <tag>
        <name>Languages</name>
        <resourceLocator>prot3://Languages?unsignedInt</resourceLocator>
        <refreshTime>1000</refreshTime>
        <accessMode>READ-WRITE</accessMode>
        <active>false</active>
        <simulator>VRBL://Languages?unsignedInt</simulator>
        <enableScaling>false</enableScaling>
        <enableAudit subT="1" eventT="18">false</enableAudit>
    </tag>
    <tag>
        <name>Email_To</name>
        <resourceLocator>prot3://Email_To?string-100</resourceLocator>
        <refreshTime>500</refreshTime>
        <accessMode>READ-WRITE</accessMode>
        <active>false</active>
        <simulator>VRBL://Email_To?string-100</simulator>
        <enableScaling>false</enableScaling>
        <enableAudit subT="1" eventT="18">false</enableAudit>
    </tag>
    <tag>
        <name>Email_Subject</name>
        <resourceLocator>prot3://Email_Subject?string-100</resourceLocator>
        <refreshTime>500</refreshTime>
        <accessMode>READ-WRITE</accessMode>
        <active>false</active>
        <simulator>VRBL://Email_Subject?string-100</simulator>
        <enableScaling>false</enableScaling>
        <enableAudit subT="1" eventT="18">false</enableAudit>
    </tag>
    <tag>
        <name>Email_Content</name>
        <resourceLocator>prot3://Email_Content?string-1000</resourceLocator>
        <refreshTime>500</refreshTime>
        <accessMode>READ-WRITE</accessMode>
        <active>false</active>
        <simulator>VRBL://Email_Content?string-1000</simulator>
        <enableScaling>false</enableScaling>
        <enableAudit subT="1" eventT="18">false</enableAudit>
    </tag>
    <tag>
        <name>Email_ServerAddress</name>
        <resourceLocator>prot3://Email_ServerAddress?string-100</resourceLocator>
        <refreshTime>1000</refreshTime>
        <accessMode>READ-WRITE</accessMode>
        <active>false</active>
        <simulator>VRBL://Email_ServerAddress?string-100</simulator>
        <enableScaling>false</enableScaling>
        <enableAudit subT="1" eventT="18">false</enableAudit>
    </tag>
    <tag>
        <name>Email_ServerPort</name>
        <resourceLocator>prot3://Email_ServerPort?string-50</resourceLocator>
        <refreshTime>1000</refreshTime>
        <accessMode>READ-WRITE</accessMode>
        <active>false</active>
        <simulator>VRBL://Email_ServerPort?string-50</simulator>
        <enableScaling>false</enableScaling>
        <enableAudit subT="1" eventT="18">false</enableAudit>
    </tag>
    <tag>
        <name>Email_ServerAuthentication</name>
        <resourceLocator>prot3://Email_ServerAuthentication?boolean</resourceLocator>
        <refreshTime>1000</refreshTime>
        <accessMode>READ-WRITE</accessMode>
        <active>false</active>
        <simulator>VRBL://Email_ServerAuthentication?boolean</simulator>
        <enableScaling>false</enableScaling>
        <enableAudit subT="1" eventT="18">false</enableAudit>
    </tag>
    <tag>
        <name>Email_User</name>
        <resourceLocator>prot3://Email_User?string-100</resourceLocator>
        <refreshTime>1000</refreshTime>
        <accessMode>READ-WRITE</accessMode>
        <active>false</active>
        <simulator>VRBL://Email_User?string-100</simulator>
        <enableScaling>false</enableScaling>
        <enableAudit subT="1" eventT="18">false</enableAudit>
    </tag>
    <tag>
        <name>Email_Password</name>
        <resourceLocator>prot3://Email_Password?string-50</resourceLocator>
        <refreshTime>1000</refreshTime>
        <accessMode>READ-WRITE</accessMode>
        <active>false</active>
        <simulator>VRBL://Email_Password?string-50</simulator>
        <enableScaling>false</enableScaling>
        <enableAudit subT="1" eventT="18">false</enableAudit>
    </tag>
    <tag>
        <name>Email_SSL</name>
        <resourceLocator>prot3://Email_SSL?boolean</resourceLocator>
        <refreshTime>1000</refreshTime>
        <accessMode>READ-WRITE</accessMode>
        <active>false</active>
        <simulator>VRBL://Email_SSL?boolean</simulator>
        <enableScaling>false</enableScaling>
        <enableAudit subT="1" eventT="18">false</enableAudit>
    </tag>
    <tag>
        <name>File_SourcePath</name>
        <resourceLocator>prot3://File_SourcePath?string-200</resourceLocator>
        <refreshTime>1000</refreshTime>
        <accessMode>READ-WRITE</accessMode>
        <active>false</active>
        <simulator>VRBL://File_SourcePath?string-200</simulator>
        <enableScaling>false</enableScaling>
        <enableAudit subT="1" eventT="18">false</enableAudit>
    </tag>
    <tag>
        <name>File_DestPath</name>
        <resourceLocator>prot3://File_DestPath?string-200</resourceLocator>
        <refreshTime>1000</refreshTime>
        <accessMode>READ-WRITE</accessMode>
        <active>false</active>
        <simulator>VRBL://File_DestPath?string-200</simulator>
        <enableScaling>false</enableScaling>
        <enableAudit subT="1" eventT="18">false</enableAudit>
    </tag>
    <tag>
        <name>Table_Data01</name>
        <resourceLocator>prot3://Table_Data01?unsignedShort</resourceLocator>
        <refreshTime>1000</refreshTime>
        <accessMode>READ-WRITE</accessMode>
        <active>false</active>
        <simulator>VRBL://Table_Data01?unsignedShort</simulator>
        <enableScaling>false</enableScaling>
        <enableAudit subT="1" eventT="18">false</enableAudit>
    </tag>
    <tag>
        <name>Table_Data02</name>
        <resourceLocator>prot3://Table_Data02?unsignedShort</resourceLocator>
        <refreshTime>1000</refreshTime>
        <accessMode>READ-WRITE</accessMode>
        <active>false</active>
        <simulator>VRBL://Table_Data02?unsignedShort</simulator>
        <enableScaling>false</enableScaling>
        <enableAudit subT="1" eventT="18">false</enableAudit>
    </tag>
    <tag>
        <name>Table_Data03</name>
        <resourceLocator>prot3://Table_Data03?unsignedShort</resourceLocator>
        <refreshTime>1000</refreshTime>
        <accessMode>READ-WRITE</accessMode>
        <active>false</active>
        <simulator>VRBL://Table_Data03?unsignedShort</simulator>
        <enableScaling>false</enableScaling>
        <enableAudit subT="1" eventT="18">false</enableAudit>
    </tag>
    <tag>
        <name>Table_Data04</name>
        <resourceLocator>prot3://Table_Data04?unsignedByte</resourceLocator>
        <refreshTime>1000</refreshTime>
        <accessMode>READ-WRITE</accessMode>
        <active>false</active>
        <simulator>VRBL://Table_Data04?unsignedByte</simulator>
        <enableScaling>false</enableScaling>
        <enableAudit subT="1" eventT="18">false</enableAudit>
    </tag>
    <tag>
        <name>Table_Data05</name>
        <resourceLocator>prot3://Table_Data05?unsignedByte</resourceLocator>
        <refreshTime>1000</refreshTime>
        <accessMode>READ-WRITE</accessMode>
        <active>false</active>
        <simulator>VRBL://Table_Data05?unsignedByte</simulator>
        <enableScaling>false</enableScaling>
        <enableAudit subT="1" eventT="18">false</enableAudit>
    </tag>
    <tag>
        <name>Table_Data06</name>
        <resourceLocator>prot3://Table_Data06?unsignedByte</resourceLocator>
        <refreshTime>1000</refreshTime>
        <accessMode>READ-WRITE</accessMode>
        <active>false</active>
        <simulator>VRBL://Table_Data06?unsignedByte</simulator>
        <enableScaling>false</enableScaling>
        <enableAudit subT="1" eventT="18">false</enableAudit>
    </tag>
    <tag>
        <name>Table_Data07</name>
        <resourceLocator>prot3://Table_Data07?unsignedByte</resourceLocator>
        <refreshTime>1000</refreshTime>
        <accessMode>READ-WRITE</accessMode>
        <active>false</active>
        <simulator>VRBL://Table_Data07?unsignedByte</simulator>
        <enableScaling>false</enableScaling>
        <enableAudit subT="1" eventT="18">false</enableAudit>
    </tag>
    <tag>
        <name>Help_FileBrowser</name>
        <resourceLocator>prot3://Help_FileBrowser?short</resourceLocator>
        <refreshTime>1000</refreshTime>
        <accessMode>READ-WRITE</accessMode>
        <active>false</active>
        <simulator>VRBL://Help_FileBrowser?short</simulator>
        <enableScaling>false</enableScaling>
        <enableAudit subT="1" eventT="18">false</enableAudit>
    </tag>
    <tag>
        <name>Help_JavaScript</name>
        <resourceLocator>prot3://Help_JavaScript?short</resourceLocator>
        <refreshTime>1000</refreshTime>
        <accessMode>READ-WRITE</accessMode>
        <active>false</active>
        <simulator>VRBL://Help_JavaScript?short</simulator>
        <enableScaling>false</enableScaling>
        <enableAudit subT="1" eventT="18">false</enableAudit>
    </tag>
    <tag>
        <name>Help_Table</name>
        <resourceLocator>prot3://Help_Table?short</resourceLocator>
        <refreshTime>1000</refreshTime>
        <accessMode>READ-WRITE</accessMode>
        <active>false</active>
        <simulator>VRBL://Help_Table?short</simulator>
        <enableScaling>false</enableScaling>
        <enableAudit subT="1" eventT="18">false</enableAudit>
    </tag>
    <tag>
        <name>PLC_AC500_V3/Application/GVL/Pot_AI1</name>
        <resourceLocator>prot1://0?M?Application/GVL/Pot_AI1?short</resourceLocator>
        <refreshTime>50</refreshTime>
        <accessMode>READ-WRITE</accessMode>
        <active>false</active>
        <simulator>VRBL://PLC_AC500_V3/Application/GVL/Pot_AI1?short</simulator>
        <enableScaling>false</enableScaling>
        <TAGLOCATOR>CODESYS V3 ETH:prot1:uid0:Application/GVL/Pot_AI1</TAGLOCATOR>
        <enableAudit subT="1" eventT="18">false</enableAudit>
    </tag>
    <tag>
        <name>PLC_AC500_V3/Application/GVL/Pot_AI2</name>
        <resourceLocator>prot1://0?M?Application/GVL/Pot_AI2?short</resourceLocator>
        <refreshTime>50</refreshTime>
        <accessMode>READ-WRITE</accessMode>
        <active>false</active>
        <simulator>VRBL://PLC_AC500_V3/Application/GVL/Pot_AI2?short</simulator>
        <enableScaling>false</enableScaling>
        <TAGLOCATOR>CODESYS V3 ETH:prot1:uid0:Application/GVL/Pot_AI2</TAGLOCATOR>
        <enableAudit subT="1" eventT="18">false</enableAudit>
    </tag>
    <tag>
        <name>PLC_AC500_V3/Application/IoConfig_Globals_Mapping/xDI_08_CI502</name>
        <resourceLocator>prot1://0?M?Application/IoConfig_Globals_Mapping/xDI_08_CI502?boolean</resourceLocator>
        <refreshTime>50</refreshTime>
        <accessMode>READ</accessMode>
        <active>false</active>
        <simulator>VRBL://PLC_AC500_V3/Application/IoConfig_Globals_Mapping/xDI_08_CI502?boolean</simulator>
        <enableScaling>false</enableScaling>
        <TAGLOCATOR>CODESYS V3 ETH:prot1:uid0:Application/IoConfig_Globals_Mapping/xDI_08_CI502</TAGLOCATOR>
        <enableAudit subT="1" eventT="18">false</enableAudit>
    </tag>
    <tag>
        <name>PLC_AC500_V3/Application/IoConfig_Globals_Mapping/xDI_08_DA501</name>
        <resourceLocator>prot1://0?M?Application/IoConfig_Globals_Mapping/xDI_08_DA501?boolean</resourceLocator>
        <refreshTime>50</refreshTime>
        <accessMode>READ</accessMode>
        <active>false</active>
        <simulator>VRBL://PLC_AC500_V3/Application/IoConfig_Globals_Mapping/xDI_08_DA501?boolean</simulator>
        <enableScaling>false</enableScaling>
        <TAGLOCATOR>CODESYS V3 ETH:prot1:uid0:Application/IoConfig_Globals_Mapping/xDI_08_DA501</TAGLOCATOR>
        <enableAudit subT="1" eventT="18">false</enableAudit>
    </tag>
    <tag>
        <name>PLC_AC500_V3/Application/IoConfig_Globals_Mapping/xDI_09_CI502</name>
        <resourceLocator>prot1://0?M?Application/IoConfig_Globals_Mapping/xDI_09_CI502?boolean</resourceLocator>
        <refreshTime>50</refreshTime>
        <accessMode>READ</accessMode>
        <active>false</active>
        <simulator>VRBL://PLC_AC500_V3/Application/IoConfig_Globals_Mapping/xDI_09_CI502?boolean</simulator>
        <enableScaling>false</enableScaling>
        <TAGLOCATOR>CODESYS V3 ETH:prot1:uid0:Application/IoConfig_Globals_Mapping/xDI_09_CI502</TAGLOCATOR>
        <enableAudit subT="1" eventT="18">false</enableAudit>
    </tag>
    <tag>
        <name>PLC_AC500_V3/Application/IoConfig_Globals_Mapping/xDI_09_DA501</name>
        <resourceLocator>prot1://0?M?Application/IoConfig_Globals_Mapping/xDI_09_DA501?boolean</resourceLocator>
        <refreshTime>50</refreshTime>
        <accessMode>READ</accessMode>
        <active>false</active>
        <simulator>VRBL://PLC_AC500_V3/Application/IoConfig_Globals_Mapping/xDI_09_DA501?boolean</simulator>
        <enableScaling>false</enableScaling>
        <TAGLOCATOR>CODESYS V3 ETH:prot1:uid0:Application/IoConfig_Globals_Mapping/xDI_09_DA501</TAGLOCATOR>
        <enableAudit subT="1" eventT="18">false</enableAudit>
    </tag>
    <tag>
        <name>PLC_AC500_V3/Application/IoConfig_Globals_Mapping/xDI_10_CI502</name>
        <resourceLocator>prot1://0?M?Application/IoConfig_Globals_Mapping/xDI_10_CI502?boolean</resourceLocator>
        <refreshTime>50</refreshTime>
        <accessMode>READ</accessMode>
        <active>false</active>
        <simulator>VRBL://PLC_AC500_V3/Application/IoConfig_Globals_Mapping/xDI_10_CI502?boolean</simulator>
        <enableScaling>false</enableScaling>
        <TAGLOCATOR>CODESYS V3 ETH:prot1:uid0:Application/IoConfig_Globals_Mapping/xDI_10_CI502</TAGLOCATOR>
        <enableAudit subT="1" eventT="18">false</enableAudit>
    </tag>
    <tag>
        <name>PLC_AC500_V3/Application/IoConfig_Globals_Mapping/xDI_10_DA501</name>
        <resourceLocator>prot1://0?M?Application/IoConfig_Globals_Mapping/xDI_10_DA501?boolean</resourceLocator>
        <refreshTime>50</refreshTime>
        <accessMode>READ</accessMode>
        <active>false</active>
        <simulator>VRBL://PLC_AC500_V3/Application/IoConfig_Globals_Mapping/xDI_10_DA501?boolean</simulator>
        <enableScaling>false</enableScaling>
        <TAGLOCATOR>CODESYS V3 ETH:prot1:uid0:Application/IoConfig_Globals_Mapping/xDI_10_DA501</TAGLOCATOR>
        <enableAudit subT="1" eventT="18">false</enableAudit>
    </tag>
    <tag>
        <name>PLC_AC500_V3/Application/IoConfig_Globals_Mapping/xDI_11_CI502</name>
        <resourceLocator>prot1://0?M?Application/IoConfig_Globals_Mapping/xDI_11_CI502?boolean</resourceLocator>
        <refreshTime>50</refreshTime>
        <accessMode>READ</accessMode>
        <active>false</active>
        <simulator>VRBL://PLC_AC500_V3/Application/IoConfig_Globals_Mapping/xDI_11_CI502?boolean</simulator>
        <enableScaling>false</enableScaling>
        <TAGLOCATOR>CODESYS V3 ETH:prot1:uid0:Application/IoConfig_Globals_Mapping/xDI_11_CI502</TAGLOCATOR>
        <enableAudit subT="1" eventT="18">false</enableAudit>
    </tag>
    <tag>
        <name>PLC_AC500_V3/Application/IoConfig_Globals_Mapping/xDI_11_DA501</name>
        <resourceLocator>prot1://0?M?Application/IoConfig_Globals_Mapping/xDI_11_DA501?boolean</resourceLocator>
        <refreshTime>50</refreshTime>
        <accessMode>READ</accessMode>
        <active>false</active>
        <simulator>VRBL://PLC_AC500_V3/Application/IoConfig_Globals_Mapping/xDI_11_DA501?boolean</simulator>
        <enableScaling>false</enableScaling>
        <TAGLOCATOR>CODESYS V3 ETH:prot1:uid0:Application/IoConfig_Globals_Mapping/xDI_11_DA501</TAGLOCATOR>
        <enableAudit subT="1" eventT="18">false</enableAudit>
    </tag>
    <tag>
        <name>PLC_AC500_V3/Application/IoConfig_Globals_Mapping/xDO_08_CI502</name>
        <resourceLocator>prot1://0?M?Application/IoConfig_Globals_Mapping/xDO_08_CI502?boolean</resourceLocator>
        <refreshTime>50</refreshTime>
        <accessMode>READ-WRITE</accessMode>
        <active>false</active>
        <simulator>VRBL://PLC_AC500_V3/Application/IoConfig_Globals_Mapping/xDO_08_CI502?boolean</simulator>
        <enableScaling>false</enableScaling>
        <TAGLOCATOR>CODESYS V3 ETH:prot1:uid0:Application/IoConfig_Globals_Mapping/xDO_08_CI502</TAGLOCATOR>
        <enableAudit subT="1" eventT="18">false</enableAudit>
    </tag>
    <tag>
        <name>PLC_AC500_V3/Application/IoConfig_Globals_Mapping/xDO_09_CI502</name>
        <resourceLocator>prot1://0?M?Application/IoConfig_Globals_Mapping/xDO_09_CI502?boolean</resourceLocator>
        <refreshTime>50</refreshTime>
        <accessMode>READ-WRITE</accessMode>
        <active>false</active>
        <simulator>VRBL://PLC_AC500_V3/Application/IoConfig_Globals_Mapping/xDO_09_CI502?boolean</simulator>
        <enableScaling>false</enableScaling>
        <TAGLOCATOR>CODESYS V3 ETH:prot1:uid0:Application/IoConfig_Globals_Mapping/xDO_09_CI502</TAGLOCATOR>
        <enableAudit subT="1" eventT="18">false</enableAudit>
    </tag>
    <tag>
        <name>PLC_AC500_V3/Application/IoConfig_Globals_Mapping/xDO_10_CI502</name>
        <resourceLocator>prot1://0?M?Application/IoConfig_Globals_Mapping/xDO_10_CI502?boolean</resourceLocator>
        <refreshTime>50</refreshTime>
        <accessMode>READ-WRITE</accessMode>
        <active>false</active>
        <simulator>VRBL://PLC_AC500_V3/Application/IoConfig_Globals_Mapping/xDO_10_CI502?boolean</simulator>
        <enableScaling>false</enableScaling>
        <TAGLOCATOR>CODESYS V3 ETH:prot1:uid0:Application/IoConfig_Globals_Mapping/xDO_10_CI502</TAGLOCATOR>
        <enableAudit subT="1" eventT="18">false</enableAudit>
    </tag>
    <tag>
        <name>PLC_AC500_V3/Application/IoConfig_Globals_Mapping/xDO_11_CI502</name>
        <resourceLocator>prot1://0?M?Application/IoConfig_Globals_Mapping/xDO_11_CI502?boolean</resourceLocator>
        <refreshTime>50</refreshTime>
        <accessMode>READ-WRITE</accessMode>
        <active>false</active>
        <simulator>VRBL://PLC_AC500_V3/Application/IoConfig_Globals_Mapping/xDO_11_CI502?boolean</simulator>
        <enableScaling>false</enableScaling>
        <TAGLOCATOR>CODESYS V3 ETH:prot1:uid0:Application/IoConfig_Globals_Mapping/xDO_11_CI502</TAGLOCATOR>
        <enableAudit subT="1" eventT="18">false</enableAudit>
    </tag>
    <tag>
        <name>PLC_AC500_V3/Application/IoConfig_Globals_Mapping/xDO_13_CI502</name>
        <resourceLocator>prot1://0?M?Application/IoConfig_Globals_Mapping/xDO_13_CI502?boolean</resourceLocator>
        <refreshTime>50</refreshTime>
        <accessMode>READ-WRITE</accessMode>
        <active>false</active>
        <simulator>VRBL://PLC_AC500_V3/Application/IoConfig_Globals_Mapping/xDO_13_CI502?boolean</simulator>
        <enableScaling>false</enableScaling>
        <TAGLOCATOR>CODESYS V3 ETH:prot1:uid0:Application/IoConfig_Globals_Mapping/xDO_13_CI502</TAGLOCATOR>
        <enableAudit subT="1" eventT="18">false</enableAudit>
    </tag>
    <tag>
        <name>PLC_AC500_V3/Application/IoConfig_Globals_Mapping/xDO_14_CI502</name>
        <resourceLocator>prot1://0?M?Application/IoConfig_Globals_Mapping/xDO_14_CI502?boolean</resourceLocator>
        <refreshTime>50</refreshTime>
        <accessMode>READ-WRITE</accessMode>
        <active>false</active>
        <simulator>VRBL://PLC_AC500_V3/Application/IoConfig_Globals_Mapping/xDO_14_CI502?boolean</simulator>
        <enableScaling>false</enableScaling>
        <TAGLOCATOR>CODESYS V3 ETH:prot1:uid0:Application/IoConfig_Globals_Mapping/xDO_14_CI502</TAGLOCATOR>
        <enableAudit subT="1" eventT="18">false</enableAudit>
    </tag>
    <tag>
        <name>PLC_AC500_V3/Application/IoConfig_Globals_Mapping/xDO_15_CI502</name>
        <resourceLocator>prot1://0?M?Application/IoConfig_Globals_Mapping/xDO_15_CI502?boolean</resourceLocator>
        <refreshTime>50</refreshTime>
        <accessMode>READ-WRITE</accessMode>
        <active>false</active>
        <simulator>VRBL://PLC_AC500_V3/Application/IoConfig_Globals_Mapping/xDO_15_CI502?boolean</simulator>
        <enableScaling>false</enableScaling>
        <TAGLOCATOR>CODESYS V3 ETH:prot1:uid0:Application/IoConfig_Globals_Mapping/xDO_15_CI502</TAGLOCATOR>
        <enableAudit subT="1" eventT="18">false</enableAudit>
    </tag>
    <tag>
        <name>PLC_AC500_V3/Application/IoConfig_Globals_Mapping/xDO_16_DA501</name>
        <resourceLocator>prot1://0?M?Application/IoConfig_Globals_Mapping/xDO_16_DA501?boolean</resourceLocator>
        <refreshTime>50</refreshTime>
        <accessMode>READ-WRITE</accessMode>
        <active>false</active>
        <simulator>VRBL://PLC_AC500_V3/Application/IoConfig_Globals_Mapping/xDO_16_DA501?boolean</simulator>
        <enableScaling>false</enableScaling>
        <TAGLOCATOR>CODESYS V3 ETH:prot1:uid0:Application/IoConfig_Globals_Mapping/xDO_16_DA501</TAGLOCATOR>
        <enableAudit subT="1" eventT="18">false</enableAudit>
    </tag>
    <tag>
        <name>PLC_AC500_V3/Application/IoConfig_Globals_Mapping/xDO_17_DA501</name>
        <resourceLocator>prot1://0?M?Application/IoConfig_Globals_Mapping/xDO_17_DA501?boolean</resourceLocator>
        <refreshTime>50</refreshTime>
        <accessMode>READ-WRITE</accessMode>
        <active>false</active>
        <simulator>VRBL://PLC_AC500_V3/Application/IoConfig_Globals_Mapping/xDO_17_DA501?boolean</simulator>
        <enableScaling>false</enableScaling>
        <TAGLOCATOR>CODESYS V3 ETH:prot1:uid0:Application/IoConfig_Globals_Mapping/xDO_17_DA501</TAGLOCATOR>
        <enableAudit subT="1" eventT="18">false</enableAudit>
    </tag>
    <tag>
        <name>PLC_AC500_V3/Application/IoConfig_Globals_Mapping/xDO_18_DA501</name>
        <resourceLocator>prot1://0?M?Application/IoConfig_Globals_Mapping/xDO_18_DA501?boolean</resourceLocator>
        <refreshTime>50</refreshTime>
        <accessMode>READ-WRITE</accessMode>
        <active>false</active>
        <simulator>VRBL://PLC_AC500_V3/Application/IoConfig_Globals_Mapping/xDO_18_DA501?boolean</simulator>
        <enableScaling>false</enableScaling>
        <TAGLOCATOR>CODESYS V3 ETH:prot1:uid0:Application/IoConfig_Globals_Mapping/xDO_18_DA501</TAGLOCATOR>
        <enableAudit subT="1" eventT="18">false</enableAudit>
    </tag>
    <tag>
        <name>PLC_AC500_V3/Application/IoConfig_Globals_Mapping/xDO_19_DA501</name>
        <resourceLocator>prot1://0?M?Application/IoConfig_Globals_Mapping/xDO_19_DA501?boolean</resourceLocator>
        <refreshTime>50</refreshTime>
        <accessMode>READ-WRITE</accessMode>
        <active>false</active>
        <simulator>VRBL://PLC_AC500_V3/Application/IoConfig_Globals_Mapping/xDO_19_DA501?boolean</simulator>
        <enableScaling>false</enableScaling>
        <TAGLOCATOR>CODESYS V3 ETH:prot1:uid0:Application/IoConfig_Globals_Mapping/xDO_19_DA501</TAGLOCATOR>
        <enableAudit subT="1" eventT="18">false</enableAudit>
    </tag>
    <tag>
        <name>PLC_AC500_V3/Application/IoConfig_Globals_Mapping/xDO_21_DA501</name>
        <resourceLocator>prot1://0?M?Application/IoConfig_Globals_Mapping/xDO_21_DA501?boolean</resourceLocator>
        <refreshTime>50</refreshTime>
        <accessMode>READ-WRITE</accessMode>
        <active>false</active>
        <simulator>VRBL://PLC_AC500_V3/Application/IoConfig_Globals_Mapping/xDO_21_DA501?boolean</simulator>
        <enableScaling>false</enableScaling>
        <TAGLOCATOR>CODESYS V3 ETH:prot1:uid0:Application/IoConfig_Globals_Mapping/xDO_21_DA501</TAGLOCATOR>
        <enableAudit subT="1" eventT="18">false</enableAudit>
    </tag>
    <tag>
        <name>PLC_AC500_V3/Application/IoConfig_Globals_Mapping/xDO_22_DA501</name>
        <resourceLocator>prot1://0?M?Application/IoConfig_Globals_Mapping/xDO_22_DA501?boolean</resourceLocator>
        <refreshTime>50</refreshTime>
        <accessMode>READ-WRITE</accessMode>
        <active>false</active>
        <simulator>VRBL://PLC_AC500_V3/Application/IoConfig_Globals_Mapping/xDO_22_DA501?boolean</simulator>
        <enableScaling>false</enableScaling>
        <TAGLOCATOR>CODESYS V3 ETH:prot1:uid0:Application/IoConfig_Globals_Mapping/xDO_22_DA501</TAGLOCATOR>
        <enableAudit subT="1" eventT="18">false</enableAudit>
    </tag>
    <tag>
        <name>PLC_AC500_V3/Application/IoConfig_Globals_Mapping/xDO_23_DA501</name>
        <resourceLocator>prot1://0?M?Application/IoConfig_Globals_Mapping/xDO_23_DA501?boolean</resourceLocator>
        <refreshTime>50</refreshTime>
        <accessMode>READ-WRITE</accessMode>
        <active>false</active>
        <simulator>VRBL://PLC_AC500_V3/Application/IoConfig_Globals_Mapping/xDO_23_DA501?boolean</simulator>
        <enableScaling>false</enableScaling>
        <TAGLOCATOR>CODESYS V3 ETH:prot1:uid0:Application/IoConfig_Globals_Mapping/xDO_23_DA501</TAGLOCATOR>
        <enableAudit subT="1" eventT="18">false</enableAudit>
    </tag>
</tags>
