<DisplayList>
    <Inverters>
        <Inverter name="INVC657">
            <Brightness min="0.0" max="3.3"/>
            <Contrast min="0.0" max="3.3"/>
        </Inverter>
        <Inverter name="LXM1617">
            <Brightness min="0.0" max="2.0"/>
            <Contrast min="2.0" max="0.0"/>
        </Inverter>
        <Inverter name="LED">
            <Brightness min="0.27" max="2.3"/>
            <Contrast min="0.27" max="2.3"/>
        </Inverter>
        <Inverter name="NEC LED">
            <Brightness min="0.3" max="2.5"/>
            <Contrast min="0.3" max="2.5"/>
        </Inverter>
        <Inverter name="CCT LED">
            <Brightness min="0.35" max="4.0"/>
            <Contrast min="0.35" max="4.0"/>
        </Inverter>
        <Inverter name="YUNTEK">
            <Brightness min="0.35" max="3.0"/>
            <Contrast min="0.35" max="3.0"/>
        </Inverter>
        <Inverter name="SHARP">
            <Brightness min="0.0" max="3.3"/>
            <Contrast min="0.0" max="3.3"/>
        </Inverter>
        <Inverter name="SHARP_LED">
            <Brightness min="0.35" max="3.8"/>
            <Contrast min="0.0" max="3.3"/>
        </Inverter>
        <Inverter name="POWERTIP_LED">
            <Brightness min="3.3" max="1.5"/>
            <Contrast min="0.0" max="3.3"/>
        </Inverter>
    </Inverters>
    <Displays>
        <Display Number="0">
            <Name>LTA070A321F</Name>
            <Resolution x="800" y="480"/>
            <Description>Toshiba TFT 800x480 64k Colors</Description>
            <contvol min="0.0" max="0.0" vol="0.0" step="0.0"/>
            <CVCRegs>
                <SHSY_FP>    0x0f </SHSY_FP>
                <SHSY>       0x80 </SHSY>
                <SHSY_BP>    0x50 </SHSY_BP>
                <SHSY_RESL>  0x1f </SHSY_RESL>
                <SHSY_RESH>  0x03 </SHSY_RESH>
                <SVSY_FP>    0x01 </SVSY_FP>
                <SVSY>       0x02 </SVSY>
                <SVSY_BP>    0x1f </SVSY_BP>
                <SVSY_RESL>  0xdf </SVSY_RESL>
                <SVSY_RESH>  0x01 </SVSY_RESH>
                <SCTRL1>     0x1f </SCTRL1>
                <SCTRL2>     0x40 </SCTRL2>
                <SL_SCREENL> 0x00 </SL_SCREENL>
                <SL_SCREENM> 0x00 </SL_SCREENM>
                <SL_SCREENH> 0x00 </SL_SCREENH>
                <SDTYPE1>    0xa4 </SDTYPE1>
                <SDTYPE2>    0x06 </SDTYPE2>
                <VDAC>       0x00 </VDAC>
                <SM>         0x00 </SM>
                <PWRCTLR>    0x00 </PWRCTLR>
                <OVERLAYL>   0x00 </OVERLAYL>
                <OVERLAYH>   0x00 </OVERLAYH>
            </CVCRegs>
            <Inverter name="LXM1617"/>
            <PowerUpSequence>0x02, 0x0a, 0x0b</PowerUpSequence>
            <DisplayParams>
                <PixelClock mode="cont" inverted="false" freq="32"/>
                <Hsync enabled="true" active="lo">
                    <Duration>129</Duration>
                    <FrontPorch>16</FrontPorch>
                    <BackPorch>81</BackPorch>
                </Hsync>
                <Vsync enabled="true" active="lo">
                    <Duration>3</Duration>
                    <FrontPorch>2</FrontPorch>
                    <BackPorch>32</BackPorch>
                </Vsync>
                <Blank enabled="true" active="hi"/>
                <Color bpp="16" format="RGB"/>
            </DisplayParams>
            <Power>
                <PowerUpSequence>
                    <Blight state="on" after="200000"/>
                    <Vee state="off" after="200000"/>
                    <Vdd state="on" after="0"/>
                    <Video state="on" after="100000"/>
                </PowerUpSequence>
            </Power>
        </Display>
        <Display Number="1">
            <Name>TX18D16VM1CBA-3</Name>
            <Resolution x="800" y="480"/>
            <Description>Hitachi TFT 800x480 64k Colors</Description>
            <contvol min="0.0" max="0.0" vol="0.0" step="0.0"/>
            <CVCRegs>
                <SHSY_FP>    0x28 </SHSY_FP>
                <SHSY>       0x80 </SHSY>
                <SHSY_BP>    0x22 </SHSY_BP>
                <SHSY_RESL>  0x1f </SHSY_RESL>
                <SHSY_RESH>  0x03 </SHSY_RESH>
                <SVSY_FP>    0x0b </SVSY_FP>
                <SVSY>       0x02 </SVSY>
                <SVSY_BP>    0x22 </SVSY_BP>
                <SVSY_RESL>  0xdf </SVSY_RESL>
                <SVSY_RESH>  0x01 </SVSY_RESH>
                <SCTRL1>     0x1f </SCTRL1>
                <SCTRL2>     0x40 </SCTRL2>
                <SL_SCREENL> 0x00 </SL_SCREENL>
                <SL_SCREENM> 0x00 </SL_SCREENM>
                <SL_SCREENH> 0x00 </SL_SCREENH>
                <SDTYPE1>    0xa4 </SDTYPE1>
                <SDTYPE2>    0x06 </SDTYPE2>
                <VDAC>       0x00 </VDAC>
                <SM>         0x00 </SM>
                <PWRCTLR>    0x00 </PWRCTLR>
                <OVERLAYL>   0x00 </OVERLAYL>
                <OVERLAYH>   0x00 </OVERLAYH>
            </CVCRegs>
            <Inverter name="INVC657"/>
            <PowerUpSequence>0x02, 0x0a, 0x0b</PowerUpSequence>
            <DisplayParams>
                <PixelClock mode="cont" inverted="false" freq="32"/>
                <Hsync enabled="true" active="lo">
                    <Duration>129</Duration>
                    <FrontPorch>41</FrontPorch>
                    <BackPorch>35</BackPorch>
                </Hsync>
                <Vsync enabled="true" active="lo">
                    <Duration>3</Duration>
                    <FrontPorch>12</FrontPorch>
                    <BackPorch>35</BackPorch>
                </Vsync>
                <Blank enabled="true" active="hi"/>
                <Color bpp="16" format="RGB"/>
            </DisplayParams>
            <Power>
                <PowerUpSequence>
                    <Blight state="on" after="200000"/>
                    <Vee state="off" after="200000"/>
                    <Vdd state="on" after="0"/>
                    <Video state="on" after="100000"/>
                </PowerUpSequence>
            </Power>
        </Display>
        <Display Number="2">
            <Name>NL2432HC22-41K</Name>
            <Resolution x="240" y="320"/>
            <Description>NEC TFT 240x320 64k Colors</Description>
            <contvol min="0.0" max="0.0" vol="0.0" step="0.0"/>
            <CVCRegs>
                <SHSY_FP>    0x04 </SHSY_FP>
                <SHSY>       0x08 </SHSY>
                <SHSY_BP>    0x04 </SHSY_BP>
                <SHSY_RESL>  0xEF </SHSY_RESL>
                <SHSY_RESH>  0x00 </SHSY_RESH>
                <SVSY_FP>    0x01 </SVSY_FP>
                <SVSY>       0x02 </SVSY>
                <SVSY_BP>    0x01 </SVSY_BP>
                <SVSY_RESL>  0x3f </SVSY_RESL>
                <SVSY_RESH>  0x01 </SVSY_RESH>
                <SCTRL1>     0x2f </SCTRL1>
                <SCTRL2>     0x20 </SCTRL2>
                <SL_SCREENL> 0x00 </SL_SCREENL>
                <SL_SCREENM> 0x00 </SL_SCREENM>
                <SL_SCREENH> 0x00 </SL_SCREENH>
                <SDTYPE1>    0xa4 </SDTYPE1>
                <SDTYPE2>    0x06 </SDTYPE2>
                <VDAC>       0x00 </VDAC>
                <SM>         0x00 </SM>
                <PWRCTLR>    0x00 </PWRCTLR>
                <OVERLAYL>   0x00 </OVERLAYL>
                <OVERLAYH>   0x00 </OVERLAYH>
            </CVCRegs>
            <Inverter name="NEC LED"/>
            <PowerUpSequence>0x02, 0x0a, 0x0b</PowerUpSequence>
            <DisplayParams>
                <PixelClock mode="cont" inverted="false" freq="6"/>
                <Hsync enabled="true" active="lo">
                    <Duration>9</Duration>
                    <FrontPorch>5</FrontPorch>
                    <BackPorch>5</BackPorch>
                </Hsync>
                <Vsync enabled="true" active="lo">
                    <Duration>3</Duration>
                    <FrontPorch>2</FrontPorch>
                    <BackPorch>2</BackPorch>
                </Vsync>
                <Blank enabled="false" active="lo"/>
                <Color bpp="16" format="RGB"/>
            </DisplayParams>
            <Power>
                <PowerUpSequence>
                    <Blight state="on" after="200000"/>
                    <Vee state="off" after="200000"/>
                    <Vdd state="on" after="0"/>
                    <Video state="on" after="100000"/>
                </PowerUpSequence>
            </Power>
        </Display>
        <Display Number="3">
            <Name>LTA057A340F</Name>
            <Resolution x="320" y="240"/>
            <Description>Toshiba TFT 320x240 64k Colors</Description>
            <contvol min="0.0" max="0.0" vol="0.0" step="0.0"/>
            <CVCRegs>
                <SHSY_FP>    0x00 </SHSY_FP>
                <SHSY>       0x5f </SHSY>
                <SHSY_BP>    0x09 </SHSY_BP>
                <SHSY_RESL>  0x3f </SHSY_RESL>
                <SHSY_RESH>  0x01 </SHSY_RESH>
                <SVSY_FP>    0x25 </SVSY_FP>
                <SVSY>       0x00 </SVSY>
                <SVSY_BP>    0x05 </SVSY_BP>
                <SVSY_RESL>  0xef </SVSY_RESL>
                <SVSY_RESH>  0x00 </SVSY_RESH>
                <SCTRL1>     0x1f </SCTRL1>
                <SCTRL2>     0x20 </SCTRL2>
                <SL_SCREENL> 0x00 </SL_SCREENL>
                <SL_SCREENM> 0x00 </SL_SCREENM>
                <SL_SCREENH> 0x00 </SL_SCREENH>
                <SDTYPE1>    0xa4 </SDTYPE1>
                <SDTYPE2>    0x06 </SDTYPE2>
                <VDAC>       0x00 </VDAC>
                <SM>         0x00 </SM>
                <PWRCTLR>    0x00 </PWRCTLR>
                <OVERLAYL>   0x00 </OVERLAYL>
                <OVERLAYH>   0x00 </OVERLAYH>
            </CVCRegs>
            <Inverter name="LED"/>
            <PowerUpSequence>0x02, 0x0a, 0x0b</PowerUpSequence>
            <DisplayParams>
                <PixelClock mode="cont" inverted="false" freq="6"/>
                <Hsync enabled="true" active="lo">
                    <Duration>96</Duration>
                    <FrontPorch>1</FrontPorch>
                    <BackPorch>10</BackPorch>
                </Hsync>
                <Vsync enabled="true" active="lo">
                    <Duration>1</Duration>
                    <FrontPorch>38</FrontPorch>
                    <BackPorch>6</BackPorch>
                </Vsync>
                <Blank enabled="true" active="hi"/>
                <Color bpp="16" format="RGB"/>
            </DisplayParams>
            <Power>
                <PowerUpSequence>
                    <Blight state="on" after="200000"/>
                    <Vee state="off" after="200000"/>
                    <Vdd state="on" after="0"/>
                    <Video state="on" after="100000"/>
                </PowerUpSequence>
            </Power>
        </Display>
        <Display Number="4">
            <Name>TX14D14VM1BAA</Name>
            <Resolution x="640" y="480"/>
            <Description>Hitachi TFT 640x480 64k Colors</Description>
            <contvol min="0.0" max="0.0" vol="0.0" step="0.0"/>
            <CVCRegs>
                <SHSY_FP>    0x0f </SHSY_FP>
                <SHSY>       0x5f </SHSY>
                <SHSY_BP>    0x8f </SHSY_BP>
                <SHSY_RESL>  0x7f </SHSY_RESL>
                <SHSY_RESH>  0x02 </SHSY_RESH>
                <SVSY_FP>    0x1f </SVSY_FP>
                <SVSY>       0x01 </SVSY>
                <SVSY_BP>    0x0b </SVSY_BP>
                <SVSY_RESL>  0xdf </SVSY_RESL>
                <SVSY_RESH>  0x01 </SVSY_RESH>
                <SCTRL1>     0x1f </SCTRL1>
                <SCTRL2>     0x00 </SCTRL2>
                <SL_SCREENL> 0x00 </SL_SCREENL>
                <SL_SCREENM> 0x00 </SL_SCREENM>
                <SL_SCREENH> 0x00 </SL_SCREENH>
                <SDTYPE1>    0xa4 </SDTYPE1>
                <SDTYPE2>    0x06 </SDTYPE2>
                <VDAC>       0x00 </VDAC>
                <SM>         0x00 </SM>
                <PWRCTLR>    0x00 </PWRCTLR>
                <OVERLAYL>   0x00 </OVERLAYL>
                <OVERLAYH>   0x00 </OVERLAYH>
            </CVCRegs>
            <Inverter name="LXM1617"/>
            <PowerUpSequence>0x02, 0x0a, 0x0b</PowerUpSequence>
            <DisplayParams>
                <PixelClock mode="cont" inverted="false" freq="24"/>
                <Hsync enabled="true" active="lo">
                    <Duration>96</Duration>
                    <FrontPorch>16</FrontPorch>
                    <BackPorch>144</BackPorch>
                </Hsync>
                <Vsync enabled="true" active="lo">
                    <Duration>2</Duration>
                    <FrontPorch>32</FrontPorch>
                    <BackPorch>12</BackPorch>
                </Vsync>
                <Blank enabled="true" active="hi"/>
                <Color bpp="16" format="RGB"/>
            </DisplayParams>
            <Power>
                <PowerUpSequence>
                    <Blight state="on" after="200000"/>
                    <Vee state="off" after="200000"/>
                    <Vdd state="on" after="0"/>
                    <Video state="on" after="100000"/>
                </PowerUpSequence>
            </Power>
        </Display>
        <Display Number="5">
            <Name>TX07D09VM1CBB</Name>
            <Resolution x="240" y="320"/>
            <Description>Hitachi TFT 240x320 64k Colors</Description>
            <contvol min="0.0" max="0.0" vol="0.0" step="0.0"/>
            <CVCRegs>
                <SHSY_FP>    0x11 </SHSY_FP>
                <SHSY>       0x01 </SHSY>
                <SHSY_BP>    0x09 </SHSY_BP>
                <SHSY_RESL>  0xEF </SHSY_RESL>
                <SHSY_RESH>  0x00 </SHSY_RESH>
                <SVSY_FP>    0x13 </SVSY_FP>
                <SVSY>       0x01 </SVSY>
                <SVSY_BP>    0x05 </SVSY_BP>
                <SVSY_RESL>  0x3f </SVSY_RESL>
                <SVSY_RESH>  0x01 </SVSY_RESH>
                <SCTRL1>     0x2f </SCTRL1>
                <SCTRL2>     0x21 </SCTRL2>
                <SL_SCREENL> 0x00 </SL_SCREENL>
                <SL_SCREENM> 0x00 </SL_SCREENM>
                <SL_SCREENH> 0x00 </SL_SCREENH>
                <SDTYPE1>    0xa4 </SDTYPE1>
                <SDTYPE2>    0x06 </SDTYPE2>
                <VDAC>       0x00 </VDAC>
                <SM>         0x00 </SM>
                <PWRCTLR>    0x00 </PWRCTLR>
                <OVERLAYL>   0x00 </OVERLAYL>
                <OVERLAYH>   0x00 </OVERLAYH>
            </CVCRegs>
            <Inverter name="LED"/>
            <PowerUpSequence>0x02, 0x0a, 0x0b</PowerUpSequence>
            <DisplayParams>
                <PixelClock mode="cont" inverted="true" freq="6"/>
                <Hsync enabled="true" active="lo">
                    <Duration>2</Duration>
                    <FrontPorch>18</FrontPorch>
                    <BackPorch>10</BackPorch>
                </Hsync>
                <Vsync enabled="true" active="lo">
                    <Duration>2</Duration>
                    <FrontPorch>20</FrontPorch>
                    <BackPorch>6</BackPorch>
                </Vsync>
                <Blank enabled="false" active="lo"/>
                <Color bpp="16" format="RGB"/>
            </DisplayParams>
            <Power>
                <PowerUpSequence>
                    <Blight state="on" after="200000"/>
                    <Vee state="off" after="200000"/>
                    <Vdd state="on" after="0"/>
                    <Video state="on" after="100000"/>
                </PowerUpSequence>
            </Power>
        </Display>
        <Display Number="6">
            <Name>LQ057Q3DC12</Name>
            <Resolution x="320" y="240"/>
            <Description>SHARP TFT 320x240 64k Colors</Description>
            <contvol min="0.0" max="0.0" vol="0.0" step="0.0"/>
            <CVCRegs>
                <SHSY_FP>    0x3d </SHSY_FP>
                <SHSY>       0x0f </SHSY>
                <SHSY_BP>    0x01 </SHSY_BP>
                <SHSY_RESL>  0x3f </SHSY_RESL>
                <SHSY_RESH>  0x01 </SHSY_RESH>
                <SVSY_FP>    0x0e </SVSY_FP>
                <SVSY>       0x01 </SVSY>
                <SVSY_BP>    0x04 </SVSY_BP>
                <SVSY_RESL>  0xef </SVSY_RESL>
                <SVSY_RESH>  0x00 </SVSY_RESH>
                <SCTRL1>     0x1f </SCTRL1>
                <SCTRL2>     0x20 </SCTRL2>
                <SL_SCREENL> 0x00 </SL_SCREENL>
                <SL_SCREENM> 0x00 </SL_SCREENM>
                <SL_SCREENH> 0x00 </SL_SCREENH>
                <SDTYPE1>    0xa4 </SDTYPE1>
                <SDTYPE2>    0x06 </SDTYPE2>
                <VDAC>       0x00 </VDAC>
                <SM>         0x00 </SM>
                <PWRCTLR>    0x00 </PWRCTLR>
                <OVERLAYL>   0x00 </OVERLAYL>
                <OVERLAYH>   0x00 </OVERLAYH>
            </CVCRegs>
            <Inverter name="LXM1617"/>
            <PowerUpSequence>0x02, 0x0a, 0x0b</PowerUpSequence>
            <DisplayParams>
                <PixelClock mode="cont" inverted="false" freq="6"/>
                <Hsync enabled="true" active="lo">
                    <Duration>16</Duration>
                    <FrontPorch>62</FrontPorch>
                    <BackPorch>2</BackPorch>
                </Hsync>
                <Vsync enabled="true" active="lo">
                    <Duration>2</Duration>
                    <FrontPorch>15</FrontPorch>
                    <BackPorch>5</BackPorch>
                </Vsync>
                <Blank enabled="true" active="hi"/>
                <Color bpp="16" format="RGB"/>
            </DisplayParams>
            <Power>
                <PowerUpSequence>
                    <Blight state="on" after="200000"/>
                    <Vee state="off" after="200000"/>
                    <Vdd state="on" after="0"/>
                    <Video state="on" after="100000"/>
                </PowerUpSequence>
            </Power>
        </Display>
        <Display Number="7">
            <Name>T432C04VP01</Name>
            <Resolution x="320" y="240"/>
            <Description>CCT TFT 320x240 64k Colors</Description>
            <contvol min="0.0" max="0.0" vol="0.0" step="0.0"/>
            <CVCRegs>
                <SHSY_FP>    0x31 </SHSY_FP>
                <SHSY>       0x1d </SHSY>
                <SHSY_BP>    0x25 </SHSY_BP>
                <SHSY_RESL>  0x3f </SHSY_RESL>
                <SHSY_RESH>  0x01 </SHSY_RESH>
                <SVSY_FP>    0x06 </SVSY_FP>
                <SVSY>       0x0a </SVSY>
                <SVSY_BP>    0x06 </SVSY_BP>
                <SVSY_RESL>  0xef </SVSY_RESL>
                <SVSY_RESH>  0x00 </SVSY_RESH>
                <SCTRL1>     0x2f </SCTRL1>
                <SCTRL2>     0x91 </SCTRL2>
                <SL_SCREENL> 0x00 </SL_SCREENL>
                <SL_SCREENM> 0x00 </SL_SCREENM>
                <SL_SCREENH> 0x00 </SL_SCREENH>
                <SDTYPE1>    0xa4 </SDTYPE1>
                <SDTYPE2>    0x06 </SDTYPE2>
                <VDAC>       0x00 </VDAC>
                <SM>         0x00 </SM>
                <PWRCTLR>    0x00 </PWRCTLR>
                <OVERLAYL>   0x00 </OVERLAYL>
                <OVERLAYH>   0x00 </OVERLAYH>
            </CVCRegs>
            <Inverter name="CCT LED"/>
            <PowerUpSequence>0x02, 0x0a, 0x0b</PowerUpSequence>
            <DisplayParams>
                <PixelClock mode="cont" inverted="true" freq="19"/>
                <Hsync enabled="true" active="lo">
                    <Duration>30</Duration>
                    <FrontPorch>50</FrontPorch>
                    <BackPorch>38</BackPorch>
                </Hsync>
                <Vsync enabled="true" active="lo">
                    <Duration>11</Duration>
                    <FrontPorch>7</FrontPorch>
                    <BackPorch>7</BackPorch>
                </Vsync>
                <Blank enabled="false" active="lo"/>
                <Color bpp="16" format="RGB"/>
            </DisplayParams>
            <Power>
                <PowerUpSequence>
                    <Blight state="on" after="200000"/>
                    <Vee state="off" after="200000"/>
                    <Vdd state="on" after="0"/>
                    <Video state="on" after="100000"/>
                </PowerUpSequence>
            </Power>
        </Display>
        <Display Number="8">
            <Name>LQ150X1LGN2A</Name>
            <Resolution x="1024" y="768"/>
            <Description>SHARP TFT 1024x768 64k Colors</Description>
            <contvol min="0.0" max="0.0" vol="0.0" step="0.0"/>
            <CVCRegs>
                <SHSY_FP>    0x0f </SHSY_FP>
                <SHSY>       0x44 </SHSY>
                <SHSY_BP>    0x94 </SHSY_BP>
                <SHSY_RESL>  0xff </SHSY_RESL>
                <SHSY_RESH>  0x03 </SHSY_RESH>
                <SVSY_FP>    0x01 </SVSY_FP>
                <SVSY>       0x06 </SVSY>
                <SVSY_BP>    0x23 </SVSY_BP>
                <SVSY_RESL>  0xff </SVSY_RESL>
                <SVSY_RESH>  0x02 </SVSY_RESH>
                <SCTRL1>     0x1f </SCTRL1>
                <SCTRL2>     0xc0 </SCTRL2>
                <SL_SCREENL> 0x00 </SL_SCREENL>
                <SL_SCREENM> 0x00 </SL_SCREENM>
                <SL_SCREENH> 0x00 </SL_SCREENH>
                <SDTYPE1>    0xa4 </SDTYPE1>
                <SDTYPE2>    0x06 </SDTYPE2>
                <VDAC>       0x00 </VDAC>
                <SM>         0x00 </SM>
                <PWRCTLR>    0x00 </PWRCTLR>
                <OVERLAYL>   0x00 </OVERLAYL>
                <OVERLAYH>   0x00 </OVERLAYH>
            </CVCRegs>
            <Inverter name="YUNTEK"/>
            <PowerUpSequence>0x02, 0x0a, 0x0b</PowerUpSequence>
            <DisplayParams>
                <PixelClock mode="cont" inverted="false" freq="48"/>
                <Hsync enabled="true" active="lo">
                    <Duration>69</Duration>
                    <FrontPorch>16</FrontPorch>
                    <BackPorch>149</BackPorch>
                </Hsync>
                <Vsync enabled="true" active="lo">
                    <Duration>7</Duration>
                    <FrontPorch>2</FrontPorch>
                    <BackPorch>36</BackPorch>
                </Vsync>
                <Blank enabled="true" active="hi"/>
                <Color bpp="16" format="RGB"/>
            </DisplayParams>
            <Power>
                <PowerUpSequence>
                    <Blight state="on" after="200000"/>
                    <Vee state="off" after="200000"/>
                    <Vdd state="on" after="0"/>
                    <Video state="on" after="100000"/>
                </PowerUpSequence>
            </Power>
        </Display>
        <Display Number="9">
            <Name>LB121S03</Name>
            <Resolution x="640" y="480"/>
            <Description>Sharp LQ104V1DG61 TFT 640x480 64k Colors</Description>
            <contvol min="0.0" max="0.0" vol="0.0" step="0.0"/>
            <CVCRegs>
                <SHSY_FP>    0x40 </SHSY_FP>
                <SHSY>       0x60 </SHSY>
                <SHSY_BP>    0x2c </SHSY_BP>
                <SHSY_RESL>  0x7f </SHSY_RESL>
                <SHSY_RESH>  0x02 </SHSY_RESH>
                <SVSY_FP>    0x0a </SVSY_FP>
                <SVSY>       0x02 </SVSY>
                <SVSY_BP>    0x22 </SVSY_BP>
                <SVSY_RESL>  0xdf </SVSY_RESL>
                <SVSY_RESH>  0x01 </SVSY_RESH>
                <SCTRL1>     0x1f </SCTRL1>
                <SCTRL2>     0x00 </SCTRL2>
                <SL_SCREENL> 0x00 </SL_SCREENL>
                <SL_SCREENM> 0x00 </SL_SCREENM>
                <SL_SCREENH> 0x00 </SL_SCREENH>
                <SDTYPE1>    0xa4 </SDTYPE1>
                <SDTYPE2>    0x06 </SDTYPE2>
                <VDAC>       0x00 </VDAC>
                <SM>         0x00 </SM>
                <PWRCTLR>    0x00 </PWRCTLR>
                <OVERLAYL>   0x00 </OVERLAYL>
                <OVERLAYH>   0x00 </OVERLAYH>
            </CVCRegs>
            <Inverter name="INVC657"/>
            <PowerUpSequence>0x02, 0x0a, 0x0b</PowerUpSequence>
            <DisplayParams>
                <PixelClock mode="cont" inverted="false" freq="24"/>
                <Hsync enabled="true" active="lo">
                    <Duration>97</Duration>
                    <FrontPorch>65</FrontPorch>
                    <BackPorch>45</BackPorch>
                </Hsync>
                <Vsync enabled="true" active="lo">
                    <Duration>3</Duration>
                    <FrontPorch>11</FrontPorch>
                    <BackPorch>35</BackPorch>
                </Vsync>
                <Blank enabled="true" active="hi"/>
                <Color bpp="16" format="RGB"/>
            </DisplayParams>
            <Power>
                <PowerUpSequence>
                    <Blight state="on" after="200000"/>
                    <Vee state="off" after="200000"/>
                    <Vdd state="on" after="0"/>
                    <Video state="on" after="100000"/>
                </PowerUpSequence>
            </Power>
        </Display>
        <Display Number="10">
            <Name>NL10276BC30-15</Name>
            <Resolution x="1024" y="768"/>
            <Description>NEC TFT 1024x768 64k Colors</Description>
            <contvol min="0.0" max="0.0" vol="0.0" step="0.0"/>
            <CVCRegs>
                <SHSY_FP>    0x0f </SHSY_FP>
                <SHSY>       0x44 </SHSY>
                <SHSY_BP>    0x94 </SHSY_BP>
                <SHSY_RESL>  0xff </SHSY_RESL>
                <SHSY_RESH>  0x03 </SHSY_RESH>
                <SVSY_FP>    0x01 </SVSY_FP>
                <SVSY>       0x06 </SVSY>
                <SVSY_BP>    0x23 </SVSY_BP>
                <SVSY_RESL>  0xff </SVSY_RESL>
                <SVSY_RESH>  0x02 </SVSY_RESH>
                <SCTRL1>     0x1f </SCTRL1>
                <SCTRL2>     0x40 </SCTRL2>
                <SL_SCREENL> 0x00 </SL_SCREENL>
                <SL_SCREENM> 0x00 </SL_SCREENM>
                <SL_SCREENH> 0x00 </SL_SCREENH>
                <SDTYPE1>    0xa4 </SDTYPE1>
                <SDTYPE2>    0x06 </SDTYPE2>
                <VDAC>       0x00 </VDAC>
                <SM>         0x00 </SM>
                <PWRCTLR>    0x00 </PWRCTLR>
                <OVERLAYL>   0x00 </OVERLAYL>
                <OVERLAYH>   0x00 </OVERLAYH>
            </CVCRegs>
            <Inverter name="LXM1617"/>
            <PowerUpSequence>0x02, 0x0a, 0x0b</PowerUpSequence>
            <DisplayParams>
                <PixelClock mode="cont" inverted="false" freq="64"/>
                <Hsync enabled="true" active="lo">
                    <Duration>69</Duration>
                    <FrontPorch>16</FrontPorch>
                    <BackPorch>149</BackPorch>
                </Hsync>
                <Vsync enabled="true" active="lo">
                    <Duration>7</Duration>
                    <FrontPorch>2</FrontPorch>
                    <BackPorch>36</BackPorch>
                </Vsync>
                <Blank enabled="true" active="hi"/>
                <Color bpp="16" format="RGB"/>
            </DisplayParams>
            <Power>
                <PowerUpSequence>
                    <Blight state="on" after="200000"/>
                    <Vee state="off" after="200000"/>
                    <Vdd state="on" after="0"/>
                    <Video state="on" after="100000"/>
                </PowerUpSequence>
            </Power>
        </Display>
        <Display Number="11">
            <Name>LQ200T3LZ18</Name>
            <Resolution x="1366" y="768"/>
            <Description>SHARP TFT 1366x768 64k Colors</Description>
            <contvol min="0.0" max="0.0" vol="0.0" step="0.0"/>
            <CVCRegs>
                <SHSY_FP>    0x0a </SHSY_FP>
                <SHSY>       0x64 </SHSY>
                <SHSY_BP>    0xdc </SHSY_BP>
                <SHSY_RESL>  0x55 </SHSY_RESL>
                <SHSY_RESH>  0x05 </SHSY_RESH>
                <SVSY_FP>    0x01 </SVSY_FP>
                <SVSY>       0x0a </SVSY>
                <SVSY_BP>    0x1b </SVSY_BP>
                <SVSY_RESL>  0xff </SVSY_RESL>
                <SVSY_RESH>  0x02 </SVSY_RESH>
                <SCTRL1>     0x1f </SCTRL1>
                <SCTRL2>     0x40 </SCTRL2>
                <SL_SCREENL> 0x00 </SL_SCREENL>
                <SL_SCREENM> 0x00 </SL_SCREENM>
                <SL_SCREENH> 0x00 </SL_SCREENH>
                <SDTYPE1>    0xa4 </SDTYPE1>
                <SDTYPE2>    0x06 </SDTYPE2>
                <VDAC>       0x00 </VDAC>
                <SM>         0x00 </SM>
                <PWRCTLR>    0x00 </PWRCTLR>
                <OVERLAYL>   0x00 </OVERLAYL>
                <OVERLAYH>   0x00 </OVERLAYH>
            </CVCRegs>
            <Inverter name="SHARP"/>
            <PowerUpSequence>0x02, 0x0a, 0x0b</PowerUpSequence>
            <DisplayParams>
                <PixelClock mode="cont" inverted="false" freq="64"/>
                <Hsync enabled="true" active="lo">
                    <Duration>101</Duration>
                    <FrontPorch>11</FrontPorch>
                    <BackPorch>221</BackPorch>
                </Hsync>
                <Vsync enabled="true" active="lo">
                    <Duration>11</Duration>
                    <FrontPorch>2</FrontPorch>
                    <BackPorch>28</BackPorch>
                </Vsync>
                <Blank enabled="true" active="hi"/>
                <Color bpp="16" format="RGB"/>
            </DisplayParams>
            <Power>
                <PowerUpSequence>
                    <Blight state="on" after="200000"/>
                    <Vee state="off" after="200000"/>
                    <Vdd state="on" after="0"/>
                    <Video state="on" after="100000"/>
                </PowerUpSequence>
            </Power>
        </Display>
        <Display Number="12">
            <Name>LQ43T3DX0A</Name>
            <Resolution x="480" y="272"/>
            <Description>SHARP TFT 480x272 64k Colors</Description>
            <contvol min="0.0" max="0.0" vol="0.0" step="0.0"/>
            <CVCRegs>
                <SHSY_FP>    0x02 </SHSY_FP>
                <SHSY>       0x29 </SHSY>
                <SHSY_BP>    0x02 </SHSY_BP>
                <SHSY_RESL>  0xdf </SHSY_RESL>
                <SHSY_RESH>  0x01 </SHSY_RESH>
                <SVSY_FP>    0x02 </SVSY_FP>
                <SVSY>       0x0a </SVSY>
                <SVSY_BP>    0x02 </SVSY_BP>
                <SVSY_RESL>  0x0f </SVSY_RESL>
                <SVSY_RESH>  0x01 </SVSY_RESH>
                <SCTRL1>     0x2f </SCTRL1>
                <SCTRL2>     0xa0 </SCTRL2>
                <SL_SCREENL> 0x00 </SL_SCREENL>
                <SL_SCREENM> 0x00 </SL_SCREENM>
                <SL_SCREENH> 0x00 </SL_SCREENH>
                <SDTYPE1>    0xa4 </SDTYPE1>
                <SDTYPE2>    0x06 </SDTYPE2>
                <VDAC>       0x00 </VDAC>
                <SM>         0x00 </SM>
                <PWRCTLR>    0x00 </PWRCTLR>
                <OVERLAYL>   0x00 </OVERLAYL>
                <OVERLAYH>   0x00 </OVERLAYH>
            </CVCRegs>
            <Inverter name="SHARP_LED"/>
            <PowerUpSequence>0x02, 0x0a, 0x0b</PowerUpSequence>
            <DisplayParams>
                <PixelClock mode="cont" inverted="false" freq="9.5"/>
                <Hsync enabled="true" active="lo">
                    <Duration>42</Duration>
                    <FrontPorch>3</FrontPorch>
                    <BackPorch>3</BackPorch>
                </Hsync>
                <Vsync enabled="true" active="lo">
                    <Duration>11</Duration>
                    <FrontPorch>3</FrontPorch>
                    <BackPorch>3</BackPorch>
                </Vsync>
                <Blank enabled="false" active="lo"/>
                <Color bpp="16" format="RGB"/>
            </DisplayParams>
            <Power>
                <PowerUpSequence>
                    <Blight state="on" after="200000"/>
                    <Vee state="off" after="200000"/>
                    <Vdd state="on" after="0"/>
                    <Video state="on" after="100000"/>
                </PowerUpSequence>
            </Power>
        </Display>
        <Display Number="13">
            <Name>PS480272T-001</Name>
            <Resolution x="480" y="272"/>
            <Description>POWERTIP TFT 480x272 64k Colors</Description>
            <contvol min="0.0" max="0.0" vol="0.0" step="0.0"/>
            <CVCRegs>
                <SHSY_FP>    0x02 </SHSY_FP>
                <SHSY>       0x29 </SHSY>
                <SHSY_BP>    0x02 </SHSY_BP>
                <SHSY_RESL>  0xdf </SHSY_RESL>
                <SHSY_RESH>  0x01 </SHSY_RESH>
                <SVSY_FP>    0x02 </SVSY_FP>
                <SVSY>       0x0a </SVSY>
                <SVSY_BP>    0x02 </SVSY_BP>
                <SVSY_RESL>  0x0f </SVSY_RESL>
                <SVSY_RESH>  0x01 </SVSY_RESH>
                <SCTRL1>     0x1f </SCTRL1>
                <SCTRL2>     0xa0 </SCTRL2>
                <SL_SCREENL> 0x00 </SL_SCREENL>
                <SL_SCREENM> 0x00 </SL_SCREENM>
                <SL_SCREENH> 0x00 </SL_SCREENH>
                <SDTYPE1>    0xa4 </SDTYPE1>
                <SDTYPE2>    0x06 </SDTYPE2>
                <VDAC>       0x00 </VDAC>
                <SM>         0x00 </SM>
                <PWRCTLR>    0x00 </PWRCTLR>
                <OVERLAYL>   0x00 </OVERLAYL>
                <OVERLAYH>   0x00 </OVERLAYH>
            </CVCRegs>
            <Inverter name="POWERTIP_LED"/>
            <PowerUpSequence>0x06, 0x0e, 0x0f</PowerUpSequence>
            <DisplayParams>
                <PixelClock mode="cont" inverted="false" freq="9.5"/>
                <Hsync enabled="true" active="lo">
                    <Duration>42</Duration>
                    <FrontPorch>3</FrontPorch>
                    <BackPorch>3</BackPorch>
                </Hsync>
                <Vsync enabled="true" active="lo">
                    <Duration>11</Duration>
                    <FrontPorch>3</FrontPorch>
                    <BackPorch>3</BackPorch>
                </Vsync>
                <Blank enabled="true" active="hi"/>
                <Color bpp="16" format="RGB"/>
            </DisplayParams>
            <Power>
                <PowerUpSequence>
                    <Blight state="on" after="200000"/>
                    <Vee state="on" after="0"/>
                    <Vdd state="on" after="0"/>
                    <Video state="on" after="100000"/>
                </PowerUpSequence>
            </Power>
        </Display>
        <Display Number="14">
            <Name>PH320240T-009</Name>
            <Resolution x="320" y="240"/>
            <Description>POWERTIP TFT 320x240 64k Colors</Description>
            <contvol min="0.0" max="0.0" vol="0.0" step="0.0"/>
            <CVCRegs>
                <SHSY_FP>    0x31 </SHSY_FP>
                <SHSY>       0x1d </SHSY>
                <SHSY_BP>    0x25 </SHSY_BP>
                <SHSY_RESL>  0x3f </SHSY_RESL>
                <SHSY_RESH>  0x01 </SHSY_RESH>
                <SVSY_FP>    0x06 </SVSY_FP>
                <SVSY>       0x0a </SVSY>
                <SVSY_BP>    0x06 </SVSY_BP>
                <SVSY_RESL>  0xef </SVSY_RESL>
                <SVSY_RESH>  0x00 </SVSY_RESH>
                <SCTRL1>     0x2f </SCTRL1>
                <SCTRL2>     0x91 </SCTRL2>
                <SL_SCREENL> 0x00 </SL_SCREENL>
                <SL_SCREENM> 0x00 </SL_SCREENM>
                <SL_SCREENH> 0x00 </SL_SCREENH>
                <SDTYPE1>    0xa4 </SDTYPE1>
                <SDTYPE2>    0x06 </SDTYPE2>
                <VDAC>       0x00 </VDAC>
                <SM>         0x00 </SM>
                <PWRCTLR>    0x00 </PWRCTLR>
                <OVERLAYL>   0x00 </OVERLAYL>
                <OVERLAYH>   0x00 </OVERLAYH>
            </CVCRegs>
            <Inverter name="CCT LED"/>
            <PowerUpSequence>0x02, 0x0a, 0x0b</PowerUpSequence>
            <DisplayParams>
                <PixelClock mode="cont" inverted="true" freq="6"/>
                <Hsync enabled="true" active="lo">
                    <Duration>30</Duration>
                    <FrontPorch>20</FrontPorch>
                    <BackPorch>38</BackPorch>
                </Hsync>
                <Vsync enabled="true" active="lo">
                    <Duration>3</Duration>
                    <FrontPorch>5</FrontPorch>
                    <BackPorch>15</BackPorch>
                </Vsync>
                <Blank enabled="false" active="lo"/>
                <Color bpp="16" format="RGB"/>
            </DisplayParams>
            <Power>
                <PowerUpSequence>
                    <Blight state="on" after="200000"/>
                    <Vee state="off" after="200000"/>
                    <Vdd state="on" after="0"/>
                    <Video state="on" after="100000"/>
                </PowerUpSequence>
            </Power>
        </Display>
        <Display Number="15">
            <Name>DataImage 640x480 TFT</Name>
            <Resolution x="640" y="480"/>
            <Description>TFT 64k Colors (Data Image FG80010)</Description>
            <contvol min="0.0" max="0.0" vol="0.0" step="0.0"/>
            <CVCRegs>
                <SHSY_FP>    0x47 </SHSY_FP>
                <SHSY>       0x0f </SHSY>
                <SHSY_BP>    0x47 </SHSY_BP>
                <SHSY_RESL>  0x7f </SHSY_RESL>
                <SHSY_RESH>  0x02 </SHSY_RESH>
                <SVSY_FP>    0x15 </SVSY_FP>
                <SVSY>       0x00 </SVSY>
                <SVSY_BP>    0x15 </SVSY_BP>
                <SVSY_RESL>  0xdf </SVSY_RESL>
                <SVSY_RESH>  0x01 </SVSY_RESH>
                <SCTRL1>     0x1f </SCTRL1>
                <SCTRL2>     0x00 </SCTRL2>
                <SL_SCREENL> 0x00 </SL_SCREENL>
                <SL_SCREENM> 0x00 </SL_SCREENM>
                <SL_SCREENH> 0x00 </SL_SCREENH>
                <SDTYPE1>    0xa4 </SDTYPE1>
                <SDTYPE2>    0x0e </SDTYPE2>
                <VDAC>       0x00 </VDAC>
                <SM>         0x00 </SM>
                <PWRCTLR>    0x00 </PWRCTLR>
                <OVERLAYL>   0x00 </OVERLAYL>
                <OVERLAYH>   0x00 </OVERLAYH>
            </CVCRegs>
            <Inverter name="INVC657"/>
            <PowerUpSequence>0x02, 0x0a, 0x0b</PowerUpSequence>
            <DisplayParams>
                <PixelClock mode="cont" inverted="false" freq="48"/>
                <Hsync enabled="true" active="lo">
                    <Duration>69</Duration>
                    <FrontPorch>16</FrontPorch>
                    <BackPorch>149</BackPorch>
                </Hsync>
                <Vsync enabled="true" active="lo">
                    <Duration>7</Duration>
                    <FrontPorch>2</FrontPorch>
                    <BackPorch>36</BackPorch>
                </Vsync>
                <Blank enabled="true" active="hi"/>
                <Color bpp="16" format="RGB"/>
            </DisplayParams>
            <Power>
                <PowerUpSequence>
                    <Blight state="on" after="200000"/>
                    <Vee state="off" after="200000"/>
                    <Vdd state="on" after="0"/>
                    <Video state="on" after="100000"/>
                </PowerUpSequence>
            </Power>
        </Display>
    </Displays>
</DisplayList>
