<mailinfos>
    <mailinfo>
        <id>idaltest</id>
        <senderaddr>idaltest@libero.it</senderaddr>
        <recipientaddr>idaltest@libero.it</recipientaddr>
        <serverip>83.224.64.20</serverip>
        <requireauth>false</requireauth>
        <user/>
        <passwd/>
    </mailinfo>
    <mailinfo>
        <id>hoover</id>
        <senderaddr>idaltest@libero.it</senderaddr>
        <recipientaddr>idaltest@libero.it</recipientaddr>
        <serverip>209.183.48.138</serverip>
        <requireauth>true</requireauth>
        <user>HooverPS</user>
        <passwd>0776</passwd>
    </mailinfo>
</mailinfos>
