<EngineConfig>
    <alarmLogFileSize/>
    <timeBetweenTrendSavings>300000</timeBetweenTrendSavings>
    <alarmsManagePeriod>10000</alarmsManagePeriod>
    <alarmsLogPeriod>1800000</alarmsLogPeriod>
    <alarmsLogFile/>
    <trendsDataDirectory>data/</trendsDataDirectory>
    <protocolsCodeDirectory>protocols/</protocolsCodeDirectory>
    <dataStorageLoc>FLASH/data</dataStorageLoc>
    <storageDevice>0</storageDevice>
    <maxUnprocessedAlarms>40000</maxUnprocessedAlarms>
    <maxRecipeSets>1000</maxRecipeSets>
</EngineConfig>
