<eventConfiguration>
    <archives>
        <archive name="archive1" size="1000"/>
        <archive enable="True" size="1000" id="3" name="AuditTrail"/>
    </archives>
    <eventDescriptions>
        <eventDescription evType="14" archive="archive1">
            <subTypeDescription subType="1">
                <dataItem name="var1" type="unsignedInt"/>
                <dataItem name="var2" type="unsignedShort"/>
                <dataItem name="binArray" type="binary" length="20"/>
            </subTypeDescription>
            <subTypeDescription subType="2">
                <dataItem name="var1" type="int"/>
                <dataItem name="var2" type="short"/>
                <dataItem name="binArray" type="string" length="19"/>
                <dataItem name="var3" type="boolean"/>
            </subTypeDescription>
        </eventDescription>
        <!-- Audit trail event type -->
        <eventDescription evType="18">
            <subTypeDescription structPacking="1" eventDataType="3" subType="1" archive="AuditTrail">
                <dataItem type="byte" name="interface"/>
                <dataItem type="short" name="actionID"/>
                <dataItem type="string" name="rowdata" length="75"/>
            </subTypeDescription>
        </eventDescription>
    </eventDescriptions>
</eventConfiguration>
