<eventModuleConfiguration>
    <!-- interval in milliseconds between moments in which events get saved-->
    <saveInterval>300000</saveInterval>
    <!-- maximum number of events being stored in RAM. Events comes after will be discarded-->
    <maxUnsavedEventsInArchive>10000</maxUnsavedEventsInArchive>
    <!-- maximum number of events in event manager queue-->
    <maxUnprocessedEvents>10000</maxUnprocessedEvents>
    <!-- directory where archives will be stored-->
    <dataDir>data</dataDir>
</eventModuleConfiguration>
