<umdetails>
    <users>
        <user>
            <name>admin</name>
            <passwd>admin</passwd>
            <acm>6</acm>
            <root>/</root>
        </user>
        <user>
            <name>ultimodule</name>
            <passwd/>
            <acm>6</acm>
            <root>/</root>
        </user>
        <user>
            <name>exor</name>
            <passwd/>
            <acm>6</acm>
            <root>/</root>
        </user>
    </users>
    <allowedips>
        <ip>.*</ip>
    </allowedips>
</umdetails>
