<FTPDConfig>
    <FTPDLogFile>/var/log/ftpdlog</FTPDLogFile>
    <IsFTPDLogFileDaily>0</IsFTPDLogFileDaily>
    <FTPDLogFileSize>262144</FTPDLogFileSize>
    <!-- 
The FTPDLogFlags parameter allows to chose the information, related with 
an FTP session, which may be required keep track in the FTPD log file. 
Below the bit values and their description. Select the conditions to log, 
find out the bit mask that describe them and put the decimal value in 
the system descriptor. 
Value	Description
00000000	None.
00000001	Track the information about the user authentication.
00000010	Track the information about every incoming FTP request.
00000100	Track the information about every outgoing FTP response.
These values can be combined on user needs (bit AND). For instance, with 
FTPDLogFlags=3 are logged both the information about the FTP authentication 
and request logging, but nothing about the FTP responses.Notice: writing 
on a file requires a significant amount of time. In case there are no 
special needs, we suggest setting this field to 0 (zero) to avoid any 
performance decay.If not specified, as default is assumed 0x0 (log nothing).
-->
    <FTPDLogFlags>0</FTPDLogFlags>
    <FTPDPort>21</FTPDPort>
    <!--FTP SSL -START-->
    <ssl>
        <FTPSenable>0</FTPSenable>
        <FTPSPort>990</FTPSPort>
        <certfile>config/httpcert/certs/cacert.pem</certfile>
        <keyfile>config/httpcert/private/cakey.pem</keyfile>
        <certpassword>1234</certpassword>
        <ftpswelcomemsg>Welcome to IDAL FTP Secure Server.</ftpswelcomemsg>
    </ssl>
    <!--FTP SSL -END-->
    <FTPDWelcomeMSG>Welcome to IDAL FTP server.</FTPDWelcomeMSG>
    <FTPDGoodbyeMSG>Goodbye.</FTPDGoodbyeMSG>
    <FTPDTimeout>25</FTPDTimeout>
    <!--IdalService>
  <ServiceFTPDPort>21</ServiceFTPDPort>
  <ServiceFTPSenable>0</ServiceFTPSenable>
  <ServiceFTPSPort>997</ServiceFTPSPort>
 </IdalService-->
</FTPDConfig>
