<abyssconfig>
    <!--HTTP SSL -START-->
    <ssl>
        <HTTPSenable>0</HTTPSenable>
        <HTTPSPort>443</HTTPSPort>
        <certfile>config/httpcert/certs/cacert.pem</certfile>
        <keyfile>config/httpcert/private/cakey.pem</keyfile>
        <certpassword>1234</certpassword>
    </ssl>
    <!--HTTP SSL -END-->
    <!--
The Port option tells the server on which TCP port to listen.
Default is 80
-->
    <port>8000</port>
    <!-- since using reverse proxy, bind to localhost interface -->
    <listeningAddress>127.0.0.1</listeningAddress>
    <!--
The maxconnection option tells the server the number of maximum
connection requests to be accepted.
-->
    <maxconnection>16</maxconnection>
    <!--The Path option specifies the web files path.-->
    <path>workspace</path>
    <!--
The default option contains the name of the files the server should 
look for when only a path is given (e.g. http://myserver/info/)
-->
    <default>
        <name>index.html</name>
        <name>index.htm</name>
        <name>INDEX.HTM</name>
        <name>INDEX.HTML</name>
    </default>
    <!--
The KeepAlive option is used to set the maximum number of requests
served using the same persistent connection.
-->
    <keepalive>10</keepalive>
    <!--
The TimeOut option tells the server how much seconds to wait for
an idle connection before closing it.
-->
    <timeout>10</timeout>
    <!--
The MimeTypes option specifies the location of the file
containing the mapping of MIME types and files extensions.
-->
    <mimetypes>./config/mime.types</mimetypes>
    <!--The path of the log file-->
    <logfile>
        <filename>log/access.log</filename>
        <logfiledaily>0</logfiledaily>
        <logfilesize>262144</logfilesize>
        <logfileflags>0</logfileflags>
    </logfile>
    <!--
Enables or disables http compression. 
-->
    <enablecompression>1</enablecompression>
    <!--
Sets the minimum length, in bytes, of the response that will be compressed. 
Responses shorter than this byte-length will not be compressed.
-->
    <compminlen>300</compminlen>
    <!--
If AdvertiseServer if set to no, then no server field would be
appended to the responses. This is the way to make the server
identity unknown to some malicious people which can profit from
well known security holes in the software to crash it.
-->
    <advertiseserver>yes</advertiseserver>
    <!--IdalService>
  <ServiceHTTPPort>80</ServiceHTTPPort>
  <ServiceHTTPSenable>0</ServiceHTTPSenable>
  <ServiceHTTPSPort>450</ServiceHTTPSPort>
 </IdalService-->
</abyssconfig>
