<umdetails>
    <!-- Users -->
    <users>
        <user>
            <name>exor</name>
            <passwd/>
            <parentgroup>guest</parentgroup>
        </user>
        <user>
            <name>admin</name>
            <passwd>admin</passwd>
            <parentgroup>admin</parentgroup>
        </user>
        <user>
            <name>ultimodule</name>
            <passwd/>
            <parentgroup>admin</parentgroup>
        </user>
        <user>
            <name>user1</name>
            <passwd/>
            <parentgroup>guest</parentgroup>
        </user>
        <user>
            <name>user2</name>
            <passwd/>
            <parentgroup>guest</parentgroup>
        </user>
        <user>
            <name>user4</name>
            <passwd/>
            <parentgroup/>
        </user>
    </users>
    <!-- User groups-->
    <groups>
        <group>
            <gname>admin</gname>
            <!-- Group's Uri access method 
0- Full
1- Basic http Authentication. username and password needed to access this page
2- No Access -->
            <gacm>1</gacm>
        </group>
        <group>
            <gname>guest</gname>
            <gacm>2</gacm>
        </group>
    </groups>
    <!-- Uri access limits
Full access rights for any page which is not listed below. 
 -->
    <accesslimits>
        <accesslimit>
            <!-- Uri name-->
            <uriname>/index.htm</uriname>
            <!-- Default uri access method 
0- Full
1- Basic http Authentication. username and password needed to access this page
2- No Access 

If allowed group exists then group's access method will be used
-->
            <acm>0</acm>
            <allowedusers>
                <uname>user2</uname>
            </allowedusers>
            <allowedgroup>admin</allowedgroup>
        </accesslimit>
    </accesslimits>
    <!-- Allowed ips-->
    <allowedips>
        <ip>.*</ip>
    </allowedips>
</umdetails>
