<JSConfig>
    <!--                                                                                               
DEFAULT VALUES:                                                                                    
priority => PRIORITY_MIDDLELOW(2),                                                                 
preemptionDepth => 0 ( no preemption ),                                                            
stackSize => 65536 (this is the minimum value of stack size.                                       
	     if given stacksize is below default it will be set to default)                             
                                                                                                   
**************************                                                                         
Allowed Priorities:                                                                                
                                                                                                   
   0 = PRIORITY_LOWEST                                                                             
   1 = PRIORITY_LOW                                                                                
   2 = PRIORITY_MIDDLELOW                                                                          
   3 = PRIORITY_NORMAL                                                                             
   4 = PRIORITY_MIDDLEHIGH                                                                         
   5 = PRIORITY_HIGH                                                                               
   6 = PRIORITY_HIGHEST                                                                            
                                                                                                   
if the given priority  is none of the above it will be set to default value                        
                                                                                                   
***************************                                                                        
                                                                                                   
In various jsaction jobs (eg:alarms,eventmanager,scheduler) we must specify their JSActionClass and
preemption priority(lesser the value higher the priority)                                          
                                                                                                   
-->
    <JSWorkerThreads>
        <JSWorkerThread name="AlarmWorker" priority="1" preemptionDepth="2" stackSize="65536"/>
        <JSWorkerThread name="LongTaskWorker" priority="1" preemptionDepth="0" stackSize="65536"/>
        <JSWorkerThread name="OtherWorker" priority="2" preemptionDepth="1" stackSize="65536"/>
    </JSWorkerThreads>
    <JSActionClasses>
        <JSActionClass name="AlarmTask" workerName="AlarmWorker"/>
        <JSActionClass name="MailTask" workerName="LongTaskWorker"/>
        <JSActionClass name="FTPCTask" workerName="LongTaskWorker"/>
        <JSActionClass name="EventTask" workerName="OtherWorker"/>
        <JSActionClass name="HiResTask" workerName="LongTaskWorker"/>
    </JSActionClasses>
</JSConfig>
