<properties>
    <property>
        <name>projectRelativePath</name>
        <type>property</type>
        <resourceLocator>xmlfile://config/system.xml?items?SystemConfig?projectRelativePath?string</resourceLocator>
        <accessMode>READ-WRITE</accessMode>
        <comment/>
    </property>
    <property>
        <name>projectName</name>
        <type>property</type>
        <resourceLocator>xmlfile://config/system.xml?items?SystemConfig?projectName?string</resourceLocator>
        <accessMode>READ-WRITE</accessMode>
        <comment/>
    </property>
    <property>
        <name>dataStorageLoc</name>
        <type>property</type>
        <resourceLocator>xmlfile://config/engineconfig.xml?items?EngineConfig?dataStorageLoc?string</resourceLocator>
        <accessMode>READ-WRITE</accessMode>
        <comment/>
    </property>
    <property>
        <name>storageDevice</name>
        <type>property</type>
        <resourceLocator>xmlfile://config/engineconfig.xml?items?EngineConfig?storageDevice?string</resourceLocator>
        <accessMode>READ-WRITE</accessMode>
        <comment/>
    </property>
    <property>
        <name>userMgmtEnable</name>
        <type>property</type>
        <resourceLocator>xmlfile://config/system.xml?items?SystemConfig.object.attrib.name.usermanagement?loadDefaultConfig?string</resourceLocator>
        <accessMode>READ-WRITE</accessMode>
        <comment/>
    </property>
    <property>
        <name>VCSdisabledStore</name>
        <type>property</type>
        <resourceLocator>xmlfile://config/system.xml?items?SystemConfig?VCSdisabled?string</resourceLocator>
        <accessMode>READ-WRITE</accessMode>
        <comment/>
    </property>
    <property>
        <name>VCSportStore</name>
        <type>property</type>
        <resourceLocator>xmlfile://config/system.xml?items?SystemConfig?VCSport?string</resourceLocator>
        <accessMode>READ-WRITE</accessMode>
        <comment/>
    </property>
</properties>
