<SystemConfig>
 <systemLogFile>var/log/slog</systemLogFile>
 <systemLogFileSize>0</systemLogFileSize>
 <systemLogFileDaily>false</systemLogFileDaily>
 <systemLogFileFlags/>
 <sysloghostipadr/>
 <sysloghostname/>
 <projectRelativePath>workspace/cp6607_project_and_hmi_demo</projectRelativePath>
 <projectName>cp6607_project_and_hmi_demo.jpr</projectName>
 <propertyMapsFile>config/propertymap.xml</propertyMapsFile>
 <object fastbootLevel="0" class="CodesysModule" name="codesys">
  <PLCCycle>10</PLCCycle>
  <RunAsService>false</RunAsService>
  <binDirectory>codesys</binDirectory>
 </object>
 <object fastbootLevel="1" class="IDALEngine" name="engine">
  <configFile>config/engineconfig.xml</configFile>
  <tagsFile>config/tags.xml</tagsFile>
  <groupsFile>config/groups.xml</groupsFile>
  <trendsFile>config/trends.xml</trendsFile>
  <alarmsFile>config/alarms.xml</alarmsFile>
  <protocolsFile>config/protocols.xml</protocolsFile>
  <recipeFile>config/recipe.xml</recipeFile>
  <gatewaysFile>config/gateways.xml</gatewaysFile>
 </object>
 <object fastbootLevel="0" class="HTTPModule" name="httpd">
  <configFile>config/httpd_config.xml</configFile>
  <mimeTypesFile>config/mime.types</mimeTypesFile>
  <securityConfigFile>config/httpd_security_config.xml</securityConfigFile>
 </object>
 <object fastbootLevel="0" class="FTPModule" name="ftpd">
  <configFile>config/ftpdconfig.xml</configFile>
  <securityConfigFile>config/ftpd_security_config.xml</securityConfigFile>
 </object>
 <object fastbootLevel="0" class="CGIModule" name="cgiintf">
  <leasesScanTime>1000</leasesScanTime>
  <maxActiveLeases>100</maxActiveLeases>
 </object>
 <object fastbootLevel="0" class="SOAPModule" name="soapintf">
  <maxActiveLeases>100</maxActiveLeases>
  <maxActiveSubs>100</maxActiveSubs>
  <leasesAndSubsScanTime>1000</leasesAndSubsScanTime>
 </object>
 <object fastbootLevel="1" class="EvtMgr" name="eventmanager">
  <moduleconfigFile>config/eventmoduleconfig.xml</moduleconfigFile>
  <prjconfigFile>config/eventconfig.xml</prjconfigFile>
 </object>
 <object fastbootLevel="1" class="ActionManager" name="actionmanager">
  <queueSizeMax>5000</queueSizeMax>
 </object>
 <object class="StorageMonitor" name="storagemonitor">
  <scanInterval>60</scanInterval>
  <FreespaceMarginHard>3072</FreespaceMarginHard>
  <FreespaceMarginSoft>5120</FreespaceMarginSoft>
  <notifyEnabled>1</notifyEnabled>
 </object>
 <object fastbootLevel="0" class="ICEEModule" name="iceeintf">
  <leasesAndSubsScanTime>1000</leasesAndSubsScanTime>
  <maxActiveLeases>100</maxActiveLeases>
  <maxActiveSubs>100</maxActiveSubs>
  <ICEEServerPort>10000</ICEEServerPort>
  <ICEEServerTimeout>5000</ICEEServerTimeout>
 </object>
 <object fastbootLevel="0" class="JSModule" name="jsintf">
  <timeLeftBeforeConfigMode>1000</timeLeftBeforeConfigMode>
  <configFile>config/jsconfig.xml</configFile>
  <actionsDirectory>actions/js/</actionsDirectory>
 </object>
 <object fastbootLevel="0" class="IPCStubModule" name="ipc_stub">
  <leasesScanTime>2000</leasesScanTime>
  <maxActiveLeases>100</maxActiveLeases>
 </object>
 <object fastbootLevel="0" class="SelfInfoModule" name="selfinfo"/>
 <object class="FEModule" lazy="true" name="fe">
  <systemMenu>on</systemMenu>
 </object>
 <object fastbootLevel="1" class="SchedulerModule" name="scheduler">
  <scheduledActionsFile>config/scheduler.xml</scheduledActionsFile>
 </object>
 <!--USERMGMT MODULE -START-->
 <object class="UserManagementModule" name="usermanagement">
  <httpauthConfigFile>config/httpd_security_auth.xml</httpauthConfigFile>
  <disableLocalAuthentication>false</disableLocalAuthentication>
  <loadDefaultConfig>false</loadDefaultConfig>
  <ftpauthConfigFile>config/ftpd_security_auth.xml</ftpauthConfigFile>
  <usermgntConfigFile>config/usermgnt_user.xml</usermgntConfigFile>
  <groupmgntConfigFile>config/usermgnt_group.xml</groupmgntConfigFile>
 </object>
 <!--USERMGMT MODULE -END-->
 <!--AUDIT TRAIL MODULE -START-->
 <object fastbootLevel="0" class="AuditTrailModule" name="audittrail">
  <audittrailconfigfile>config/AuditTrail.xml</audittrailconfigfile>
 </object>
 <!--AUDIT TRAIL MODULE -END-->
 <object fastbootLevel="0" class="DBConnectorModule" name="dbconnector">
  <dbConnectorConfigFile>config/dbconnector.xml</dbConnectorConfigFile>
 </object>
 <object fastbootLevel="0" class="Widgets" name="widgets">
  <configFile>wgtserver.jmx</configFile>
 </object>
 <object class="WatchdogModule" name="watchdog">
  <period>300000</period>
  <refreshTime>2000</refreshTime>
  <watchdog period="300000" enabled="1" name="CoDeSys"/>
  <watchdog period="300000" enabled="1" name="EvtMgr"/>
  <watchdog period="300000" enabled="1" name="ActionMgr"/>
  <watchdog period="300000" enabled="1" name="Scheduler"/>
  <watchdog period="300000" enabled="1" name="Imain"/>
  <watchdog period="300000" enabled="1" name="QTHMI"/>
 </object>
 <object fastbootLevel="0" class="OpcuaModule" name="opcua"/>
 <object fastbootLevel="0" class="VcsServerModule" name="vcs_server">
  <VCSdisabled>true</VCSdisabled>
  <VCSport>0</VCSport>
 </object>
</SystemConfig>
