<!--
See description in target_system___not_brand__mdt__mdt_lite__files.xml.
-->
<files>
    <file city="Greenwich,UK" latitude="51.47" longitude="0" utc="0"/>
    <file city="Rome" latitude="41.89" longitude="12.5" utc="1"/>
    <file city="Milan" latitude="45.48" longitude="9.19" utc="1"/>
    <file city="Naples" latitude="40.85" longitude="14.26" utc="1"/>
    <file city="Turin" latitude="45.08" longitude="7.68" utc="1"/>
    <file city="Palermo" latitude="38.12" longitude="13.36" utc="1"/>
    <file city="Genova" latitude="44.42" longitude="8.93" utc="1"/>
    <file city="Bologna" latitude="44.50" longitude="11.34" utc="1"/>
    <file city="Florence" latitude="43.78" longitude="11.24" utc="1"/>
    <file city="Bari" latitude="41.12" longitude="16.87" utc="1"/>
    <file city="Catania" latitude="37.50" longitude="15.08" utc="1"/>
    <file city="Venice" latitude="45.43" longitude="12.33" utc="1"/>
    <file city="Verona" latitude="45.44" longitude="10.99" utc="1"/>
    <file city="Messina" latitude="38.19" longitude="15.55" utc="1"/>
    <file city="Trieste" latitude="45.65" longitude="13.77" utc="1"/>
    <file city="Padova" latitude="45.41" longitude="11.87" utc="1"/>
    <file city="Taranto" latitude="40.48" longitude="17.24" utc="1"/>
    <file city="Brescia" latitude="45.55" longitude="10.22" utc="1"/>
    <file city="Modena" latitude="44.65" longitude="10.92" utc="1"/>
    <file city="Prato" latitude="43.89" longitude="11.09" utc="1"/>
</files>
